url,origin,origin_name,name,description,ingredients,made_from,image
http://www.wikidata.org/entity/Q12162645,España,España,Diacitrón,,,,
http://www.wikidata.org/entity/Q8962920,España,España,Frutas de Aragón,dulce tradicional de Aragón,"fruta confitada, chocolate",,
http://www.wikidata.org/entity/Q60762918,España,España,Paelya,variante filipina de la paella,,,
http://www.wikidata.org/entity/Q703836,España,España,arroz con pollo,plato típico de América Latina y España,"carne de pollo, arroz",,
http://www.wikidata.org/entity/Q1968771,España,España,Olla podrida,,Pork and beans,,
http://www.wikidata.org/entity/Q20546828,España,España,Pan de Ousá,"pan tradicional de Galicia, España",,,
http://www.wikidata.org/entity/Q6024500,España,España,Morteruelo,Higado de cerdo especias y pan rallado,,,
http://www.wikidata.org/entity/Q11278637,España,España,arrope y calabazate,plato murciano,,,
http://www.wikidata.org/entity/Q7367597,España,España,roscón,,,,
http://www.wikidata.org/entity/Q131749283,España,España,Japonés (bollo),bollo tradicional almeriense que lleva coco rallado,"falsa crema pastelera, bollo, coco rallado",,
http://www.wikidata.org/entity/Q20872372,España,España,Limón serrano,"ensalada de embutidos y cítricos del norte extremeño y sur de Salamanca, en España",,,
http://www.wikidata.org/entity/Q3027539,España,España,Suso,,crema pastelera,,
http://www.wikidata.org/entity/Q85630768,España,España,Juanguila,postre de España,,,
http://www.wikidata.org/entity/Q2892364,España,España,Rebojo,,,,
http://www.wikidata.org/entity/Q5574984,España,España,Medallones de Valjunquera,,,,
http://www.wikidata.org/entity/Q5420610,España,España,potaje,plato con legumbres y verduras,carne,,
http://www.wikidata.org/entity/Q6092760,España,España,Pulte,,,,
http://www.wikidata.org/entity/Q1026488,España,España,Caldo gallego,,,"panceta, chorizo, col blanca, fríjol, Col de meollo, grelo, Lacón, papa",http://commons.wikimedia.org/wiki/Special:FilePath/Caldo%20galego%2C%20Galiza.jpg
http://www.wikidata.org/entity/Q2884589,España,España,bocadillo,tipo de alimento con pan relleno,,,
http://www.wikidata.org/entity/Q891358,España,España,buñuelos de bacalao,especialidad gastronómica mediterránea,,"Bacalao en salazón, papa",http://commons.wikimedia.org/wiki/Special:FilePath/Bolinho%20de%20bacalhau.jpg
http://www.wikidata.org/entity/Q122958910,España,España,Bizcocho de Moya,"Producto de repostería de Canarias, España",,,
http://www.wikidata.org/entity/Q5669841,España,España,almojábana,tipo de fruta de sartén,,,
http://www.wikidata.org/entity/Q28517237,España,España,pijama,"postre catalán y valenciano elaborado con fruta en almíbar, helado y nata","Fruta en almíbar, flan, helado, crema de leche",,
http://www.wikidata.org/entity/Q3044741,España,España,Esqueixada,,"tomate, oliva, aliño, bacalao, Cebolla china, Capsicum annuum",,
http://www.wikidata.org/entity/Q1027884,España,España,calçotada,,,,
http://www.wikidata.org/entity/Q5411101,España,España,Bica,postre,,"mantequilla, harina, huevo de gallina",http://commons.wikimedia.org/wiki/Special:FilePath/Bica%20ribeira%20sacra.JPG
http://www.wikidata.org/entity/Q2891036,España,España,Conejo en salmorejo,,,,
http://www.wikidata.org/entity/Q9055173,España,España,Paparajotes,,,"canela, harina, azúcar glas, huevo",http://commons.wikimedia.org/wiki/Special:FilePath/Paparajotes%20Murcianos%20de%20la%20Abuela.jpg
http://www.wikidata.org/entity/Q6150997,España,España,Tortilla de rodilla,,,,
http://www.wikidata.org/entity/Q6112469,España,España,roscos del Santo,,,,
http://www.wikidata.org/entity/Q2457586,España,España,patatas bravas,tapa típica española,"papa, Salsa brava",,
http://www.wikidata.org/entity/Q2981212,España,España,Cocada,dulce típico de países de habla española y portuguesa,"coco rallado, huevo",,
http://www.wikidata.org/entity/Q1227144,España,España,Intxaursaltsa,"Postre navideño vasco a base de nueces, leche, canela y azúcar.",,"azúcar, nuez, crema de leche, canela, leche de vaca",http://commons.wikimedia.org/wiki/Special:FilePath/Cuisine%20of%20the%20Basque%20Country-Intxaursaltsa%20001.JPG
http://www.wikidata.org/entity/Q5706305,España,España,Arroz con acelgas,plato típico valenciano,"papa, Beta vulgaris var. cicla, arroz",,
http://www.wikidata.org/entity/Q5728279,España,España,Bienmesabe canario,,,,
http://www.wikidata.org/entity/Q6436724,España,España,cremeschnitte,postre de hojaldre,,,
http://www.wikidata.org/entity/Q109424807,España,España,Pan de cristal,pan de alta hidratación,,,
http://www.wikidata.org/entity/Q6112467,España,España,Roscos de vino,,,,
http://www.wikidata.org/entity/Q5663370,España,España,Fardelejos,"dulce de La Rioja, España",,,
http://www.wikidata.org/entity/Q10952583,España,España,Tigretón,,,,
http://www.wikidata.org/entity/Q633615,España,España,bocadillo de calamares,,,,
http://www.wikidata.org/entity/Q9055080,España,España,Panquemado,,,,
http://www.wikidata.org/entity/Q5058734,España,España,Cemita,diferentes panes de Hispanoamérica,,,
http://www.wikidata.org/entity/Q11907497,España,España,bacalao a la llauna,plato típico de los territorios de habla catalana,"ajo, tomate, pimentón, bacalao",,
http://www.wikidata.org/entity/Q2849806,España,España,Angulas a la bilbaína,,,"aceite de oliva, ají, Angula, ajo",http://commons.wikimedia.org/wiki/Special:FilePath/Angulas%20al%20ajillo%2C%20Bilbao%20%2832941326932%29.jpg
http://www.wikidata.org/entity/Q2633627,España,España,Puchero,plato tradicional iberoamericano,,,
http://www.wikidata.org/entity/Q9034677,España,España,Montadito,sándwich típico español,,,
http://www.wikidata.org/entity/Q121157575,España,España,gazpacho de segadores,variedad del gazpacho con pocos ingredientes,,,
http://www.wikidata.org/entity/Q597836,España,España,Bacalao a la vizcaína,,"Salsa vizcaína, bacalao",,
http://www.wikidata.org/entity/Q6059375,España,España,Pan de Calatrava,,,,
http://www.wikidata.org/entity/Q6077023,España,España,Pitufo (Málaga),Bollos de pan de pequeño tamaño original de la región de Málaga,,,
http://www.wikidata.org/entity/Q5022901,España,España,callos,,tripas,,
http://www.wikidata.org/entity/Q108545863,España,España,Llonguet,pan de origen catalán,,,
http://www.wikidata.org/entity/Q3995784,España,España,Turrón de Alicante,dulce típico español,,,
http://www.wikidata.org/entity/Q5794401,España,España,culeca,"torta, o bollo grande de pan que se consume en diversas partes de España, en diferentes fechas señaladas y con diferentes rellenos.",,,
http://www.wikidata.org/entity/Q3826092,España,España,Rossejat,,arroz,,
http://www.wikidata.org/entity/Q7088254,España,España,Ollada,cocido de carne y verduras p,verdura,,
http://www.wikidata.org/entity/Q5731586,España,España,Bollo suizo,,,,
http://www.wikidata.org/entity/Q9482241,España,España,merluza a la gallega,plato de la gastronomía española,Merluccius merluccius,,
http://www.wikidata.org/entity/Q5661511,España,España,ajo colorao,plato de cocina,,,
http://www.wikidata.org/entity/Q29998800,España,España,torta de sardinas,plato típico de la Manchuela albaceteña,,,
http://www.wikidata.org/entity/Q5840300,España,España,Espineta con caracoles,,,,
http://www.wikidata.org/entity/Q5660287,España,España,Aguamiel (postre),,,,
http://www.wikidata.org/entity/Q85876025,España,España,Pan bazo,pan de México y zonas de España,,,
http://www.wikidata.org/entity/Q109820549,España,España,Pan gallego,indicación geográfica protegida (IGP),,,
http://www.wikidata.org/entity/Q6066253,España,España,patatas en ajopollo,plato tradicional de España,,,
http://www.wikidata.org/entity/Q112943987,España,España,Cortadillo,dulce típico del sur de España,,,
http://www.wikidata.org/entity/Q69214,España,España,Caracoles a la llauna,especialidad de la cocina catalana,,,
http://www.wikidata.org/entity/Q5834058,España,España,Ensalada ilustrada,,,,
http://www.wikidata.org/entity/Q113379133,España,España,Bartolo,dulce asturiano,,,
http://www.wikidata.org/entity/Q131367062,España,España,Mortirigüelo,Plato típico murciano,,,
http://www.wikidata.org/entity/Q6116728,España,España,Sacristán (dulce),,,,
http://www.wikidata.org/entity/Q3396176,España,España,Canutillos de Bilbao,,,,
http://www.wikidata.org/entity/Q3539309,España,España,Trinxat,,Solanum tuberosum,,
http://www.wikidata.org/entity/Q3623912,España,España,Arroz con costra,Arroz con costra de huevo,Oryza sativa,,
http://www.wikidata.org/entity/Q30005067,España,España,potaje con hojas de cardo,plato típico de la Manchuela,"Cynara cardunculus, papa",,
http://www.wikidata.org/entity/Q29998811,España,España,moje,plato típico de la Manchuela albaceteña y Murcia,,,
http://www.wikidata.org/entity/Q29998690,España,España,caldo moreno,receta de plato típico de la Manchuela albaceteña,,,
http://www.wikidata.org/entity/Q3326327,España,España,orelletes,,,"agua potable, azúcar, sal, canela, mantequilla, harina, levadura, limón, leche de vaca, huevo de gallina, anís",http://commons.wikimedia.org/wiki/Special:FilePath/Orellas%20caseiras.%20Galiza.jpg
http://www.wikidata.org/entity/Q3396255,España,España,Panchineta,,,"azúcar, hojaldre, mantequilla, harina, leche de vaca, huevo de gallina, crema",http://commons.wikimedia.org/wiki/Special:FilePath/Pantxineta%20-%202011.JPG
http://www.wikidata.org/entity/Q6150980,España,España,Torta parda,dulce típico de la provincia de Cádiz,"Cabello de ángel, almendra, huevo, especia, harina",,
http://www.wikidata.org/entity/Q2917512,España,España,Frisuelos,,,,
http://www.wikidata.org/entity/Q109312726,España,España,Piña,pan candeal de España,,,
http://www.wikidata.org/entity/Q2706236,España,España,natillas,postre lácteo,"huevo, azúcar, leche",,
http://www.wikidata.org/entity/Q108744549,España,España,Galletes d'oli,tradicionales galletas saladas de Mallorca,,,
http://www.wikidata.org/entity/Q592399,España,España,empanada gallega,"plato típico de Galicia, España",,"agua, mantequilla, relleno, harina de trigo",http://commons.wikimedia.org/wiki/Special:FilePath/Empanadas%20gallegas-diversia.jpg
http://www.wikidata.org/entity/Q6132408,España,España,Sopa de tomillo,,,,
http://www.wikidata.org/entity/Q657835,España,España,pincho moruno,brocheta elaborada con dados de carne,"carne de cordero, carne",,
http://www.wikidata.org/entity/Q3753245,España,España,Boquerones en vinagre,plato típico español,Anchoa,,
http://www.wikidata.org/entity/Q1222099,España,España,Coca de San Juan,,"Piñón, cereza",,
http://www.wikidata.org/entity/Q6121684,España,España,Sapillos,,,,
http://www.wikidata.org/entity/Q9052149,España,España,olla de trigo,,,,
http://www.wikidata.org/entity/Q8347364,España,España,Coca de albaricoque,,,,
http://www.wikidata.org/entity/Q584324,España,España,Jamón serrano,,jamón,,
http://www.wikidata.org/entity/Q881582,España,España,Buñuelo de viento,,crema pastelera,,
http://www.wikidata.org/entity/Q3136951,España,España,Sobao,Dulce típico de Cantabria,azúcar,,
http://www.wikidata.org/entity/Q109312993,España,España,Jallulla,pan dulce español,,,
http://www.wikidata.org/entity/Q8347371,España,España,Coca de maíz,"coca redonda y plana que se elabora con harina de maíz, agua, aceite y sal",,,
http://www.wikidata.org/entity/Q5572731,España,España,ochío,"producto de panadería tradicional originario de la comarca de La Loma, España","pimentón, aceite de oliva, pimpinella anisum, sal, pan",,
http://www.wikidata.org/entity/Q3133335,España,España,Tumbet,,"berenjena, morrón, papas fritas, Solanum lycopersicum",,
http://www.wikidata.org/entity/Q6150975,España,España,Torta imperial,,,,
http://www.wikidata.org/entity/Q2981208,España,España,Coca de llanda,,,,
http://www.wikidata.org/entity/Q8459791,España,España,Coca bamba,,,,
http://www.wikidata.org/entity/Q24938057,España,España,Rollos de San Antón,,,,
http://www.wikidata.org/entity/Q590686,España,España,Chistorra,Alimento embutido de cerdo,,"sal, Petroselinum crispum, carne de cerdo, pimentón, carne picada, ajo",http://commons.wikimedia.org/wiki/Special:FilePath/Tapa%20%28Chistorra%29%20-%205609.jpg
http://www.wikidata.org/entity/Q121788679,España,España,chinito,pastel típico de Almería,"falsa crema pastelera, bollo, chocolate",,
http://www.wikidata.org/entity/Q524374,España,España,Adoquín del Pilar,,caramelo,,
http://www.wikidata.org/entity/Q5942589,España,España,Poleá,,,,
http://www.wikidata.org/entity/Q5831612,España,España,Empanadico,especie de empanada dulce,,,
http://www.wikidata.org/entity/Q3826403,España,España,Turrolate,,,,
http://www.wikidata.org/entity/Q11190199,España,España,Roscos de Semana Santa,rosquillas de Andalucía,"harina de trigo, limón, aceite de girasol, huevo, Syzygium aromaticum, canela, pimpinella anisum, azúcar, leche",,
http://www.wikidata.org/entity/Q30901851,España,España,Campero malagueño,comida,,,
http://www.wikidata.org/entity/Q9070819,España,España,rosquillas tontas y listas,dulces típicos de Madrid,,,
http://www.wikidata.org/entity/Q6132420,España,España,sopa moruna,sopa tradicional de España,,,
http://www.wikidata.org/entity/Q1936949,España,España,Zarzuela de mariscos,,"pescado, almeja",,
http://www.wikidata.org/entity/Q5739273,España,España,Cagá de gato,,,,
http://www.wikidata.org/entity/Q20921925,España,España,Tarta de Puentedeume,,,,
http://www.wikidata.org/entity/Q588828,España,España,Cochinillo de Segovia,un alimento catalogado por la Junta de Castilla y León como Marca de Garantía,,,
http://www.wikidata.org/entity/Q53869432,España,España,potaje conquense,plato típico de la provincia de Cuenca,,,
http://www.wikidata.org/entity/Q935937,España,España,Miguelitos,pastelillo de hojaldre típico de España,crema pastelera,,
http://www.wikidata.org/entity/Q15696039,España,España,Caragolada,plato típico,Helix pomatia,,
http://www.wikidata.org/entity/Q5721298,España,España,bartolillo,tipo de fruta de sartén,,,
http://www.wikidata.org/entity/Q29998722,España,España,habichuelas con perdiz,plato típico de la Manchuela albaceteña,,,
http://www.wikidata.org/entity/Q842566,España,España,crema catalana,crema catalana,"azúcar, leche",,
http://www.wikidata.org/entity/Q5925953,España,España,Jamón de Guijuelo,"Jamón con la Denominación de Origen, Guijuelo, Salamanca, España",,,
http://www.wikidata.org/entity/Q42903380,España,España,Huesitos,producto derivado del chocolate,,,
http://www.wikidata.org/entity/Q113334375,España,España,rosquilla de Alhama,"rosquilla de Alhama de Almería, España",,,
http://www.wikidata.org/entity/Q9028481,España,España,Marañuela,,harina,,
http://www.wikidata.org/entity/Q8705390,España,España,buñuelo,tipo de fruta de sartén,huevo,,
http://www.wikidata.org/entity/Q3105960,España,España,Gilda (pincho),,"oliva, Engraulis encrasicolus, ají, vinagre",,
http://www.wikidata.org/entity/Q19803312,España,España,Volante de San Cristóbal,,,,
http://www.wikidata.org/entity/Q110647160,España,España,Librico de Yecla,"Dulce tradicional de Yecla (Murcia, España)",oblea,,
http://www.wikidata.org/entity/Q7818540,España,España,tomate frito,preparación básica de la cocina española,Solanum lycopersicum,,
http://www.wikidata.org/entity/Q959599,España,España,Arnadí,"Dulce típico valenciano (España), elaborado con calabaza y azúcar","calabaza, almendra, azúcar",,
http://www.wikidata.org/entity/Q15941833,España,España,oblea,"Hoja delgada de pan ácimo, de origen medieval",,,
http://www.wikidata.org/entity/Q13147842,España,España,panchón,postre,,pancha,http://commons.wikimedia.org/wiki/Special:FilePath/Panchon.JPG
http://www.wikidata.org/entity/Q6083515,España,España,potaje carmelitano,,,,
http://www.wikidata.org/entity/Q9019810,España,España,Lacón con grelos,,,"chorizo, Lacón, grelo, Cabeza de cerdo, papa",http://commons.wikimedia.org/wiki/Special:FilePath/Cocido%20galego.%20Galicia%20%28Spain%29.jpg
http://www.wikidata.org/entity/Q2835652,España,España,Judías de El Barco de Ávila,"Judias con denominación de origen, provincia de Ávila, España.",legumbre,,
http://www.wikidata.org/entity/Q5925956,España,España,jamón de jabugo,Denominación de Origen Protegida del Parlamento Europeo y del Consejo de la Unión Europea,,,
http://www.wikidata.org/entity/Q129834204,España,España,galletas de hierro,especie de galleta de orígen medieval típica de Sahagún y alrededores,"huevo, vainilla, azúcar, harina, mantequilla",,
http://www.wikidata.org/entity/Q20872389,España,España,Sopa de menta,preparación culinaria con hierbabuena tradicional en la provincia española de Gerona,,,
http://www.wikidata.org/entity/Q9035315,España,España,mostachón,dulce típico de Utrera y España,,,
http://www.wikidata.org/entity/Q123245043,España,España,Tagarninas o cardillos,"verdura de Scolymus hispanicus, utilizada para elaborar distintos platos en España, Portugal, Marruecos, Italia, Grecia, Chipre   y Turquía",Scolymus hispanicus,,
http://www.wikidata.org/entity/Q5650062,España,España,Hojaldres de Astorga,"dulce típico de Astorga, España",,,
http://www.wikidata.org/entity/Q5849978,España,España,Guirlache,dulce hecho de almendra y caramelo,"almendra, azúcar",,
http://www.wikidata.org/entity/Q12397045,España,España,Pan de Cea,tradición panadera gallega,,masa madre,http://commons.wikimedia.org/wiki/Special:FilePath/Pan%20de%20Cea%20%28cropped%29.jpg
http://www.wikidata.org/entity/Q1635129,España,España,salmorejo,"plato típico de Córdoba, España","ajo, Pan candeal, tomate, aceite de oliva, sal, pan",,
http://www.wikidata.org/entity/Q11679965,España,España,Arroz al horno,Plato de arroz típico de la Comunidad Valenciana,"ajo, costillas de cerdo, papa, garbanzo, tomate, aceite de oliva, morcilla, azafrán, sal, arroz, agua",,
http://www.wikidata.org/entity/Q281751,España,España,tortilla de patatas,plato tradicional español,"huevo de gallina, papa, cebolla, aceite de oliva, sal",,
http://www.wikidata.org/entity/Q11939713,España,España,Pan de Sant Jordi,pan típico de Cataluña,,,
http://www.wikidata.org/entity/Q5984875,España,España,Lunes de Quasimodo,,,,
http://www.wikidata.org/entity/Q5710466,España,España,Atascaburras,plato típico de Albacete,,,
http://www.wikidata.org/entity/Q97749998,España,España,Mostillo de mel,,miel,,
http://www.wikidata.org/entity/Q6066040,España,España,pastel de boniato,,,,
http://www.wikidata.org/entity/Q122017831,España,España,Avellanate,guiso a base de avellanas,,,
http://www.wikidata.org/entity/Q3034906,España,España,Mona de Pascua,Dulce español,"masa, huevo",,
http://www.wikidata.org/entity/Q3995785,España,España,Turrón de Jijona,,,,
http://www.wikidata.org/entity/Q109310930,España,España,Ropa vieja,plato que se elabora con las carnes restantes del puchero y garbanzos,"carne de vaca deshebrada, garbanzo, carne de cerdo, papas fritas, panceta",,
http://www.wikidata.org/entity/Q109497393,España,España,Fabiola,"barra de pan candeal típica de Palencia, España",,,
http://www.wikidata.org/entity/Q48832937,España,España,mantecado de Estepa,dulce español,,,
http://www.wikidata.org/entity/Q2881895,España,España,andrajos,estofado de origen español,"conejo, pasta",,
http://www.wikidata.org/entity/Q98304693,España,España,Garroticos,"Dulce tradicional de Pamplona, elaborado con hojaldre y chocolate","hojaldre, chocolate","manzana, chocolate, hojaldre, Cabello de ángel",http://commons.wikimedia.org/wiki/Special:FilePath/Garroticos.%20Caja.jpg
http://www.wikidata.org/entity/Q3666125,España,España,chanfaina,receta hispánica,,,
http://www.wikidata.org/entity/Q20872378,España,España,puchero de hinojos,"cocido de judías blancas  o garbanzos con hinojo,  de zonas de Andalucía, España",,,
http://www.wikidata.org/entity/Q3286616,España,España,Mantecadas de Astorga,"dulce típico de Astorga, España",harina,,
http://www.wikidata.org/entity/Q111986756,España,España,Pan de pintera,"pan de Aragón, España",,,
http://www.wikidata.org/entity/Q593209,España,España,Leche frita,postre de origen español,harina,"leche, azúcar, harina",http://commons.wikimedia.org/wiki/Special:FilePath/Leche%20frita.jpg
http://www.wikidata.org/entity/Q995376,España,España,Fabada,"Plato de fabas asturianas, embutidos y cerdo, típico de la gastronomía asturiana","Morcilla de Asturias, Compango, Faba asturiana, chorizo",,
http://www.wikidata.org/entity/Q3848112,España,España,carcamusa,plato de carne típico de Toledo,"carne de cerdo, verdura","verdura, carne de cerdo",http://commons.wikimedia.org/wiki/Special:FilePath/Carcamusas%EF%BC%8CToledo%E5%82%B3%E7%B5%B1%E8%8F%9C%EF%BC%8C%E8%BE%A3%E9%86%AC%E7%87%89%E7%89%9B%E8%82%89%20%2810077288014%29.jpg
http://www.wikidata.org/entity/Q5876529,España,España,gañote,dulce de origen español,,,
http://www.wikidata.org/entity/Q1412378,España,España,Gofio,Alimento de origen canario conformado por harina no cernida de cereales tostados,cereal,,
http://www.wikidata.org/entity/Q109312469,España,España,Bollo sevillano,"pan de Sevilla, España",,,
http://www.wikidata.org/entity/Q2697699,España,España,Escalivada,plato tradicional del este de España,"berenjena, morrón, Allium cepa",,
http://www.wikidata.org/entity/Q15693942,España,España,Pastelito de Gloria,,,,
http://www.wikidata.org/entity/Q6077132,España,España,Piñonate,,,,
http://www.wikidata.org/entity/Q122960549,España,España,lechón,,lechón,,
http://www.wikidata.org/entity/Q5529194,España,España,Gazpachuelo,,"ajo, caldo de pescado, yema de huevo, mayonesa, aceite de oliva",,
http://www.wikidata.org/entity/Q8347396,España,España,Cocido de Lalín,,,,
http://www.wikidata.org/entity/Q11691713,España,España,Mazapán de Toledo,,almendra,,
http://www.wikidata.org/entity/Q5400740,España,España,Corbata,,,,
http://www.wikidata.org/entity/Q5731570,España,España,bollo de panizo,fruta de sartén  de España,,,
http://www.wikidata.org/entity/Q727605,España,España,churro,tipo de fruta de sartén,harina,,
http://www.wikidata.org/entity/Q413126,España,España,ajoblanco,sopa fría típica de Andalucía y Extremadura,"ajo, almendra, aceite de oliva, pan",,
http://www.wikidata.org/entity/Q5670573,España,España,Alpisteras de Sanlúcar de Barrameda,dulce típico de Cuaresma,,,
http://www.wikidata.org/entity/Q1105215,España,España,Cocido madrileño,,garbanzo,,
http://www.wikidata.org/entity/Q9021057,España,España,Lechazo asado (cordero lechal),,,,
http://www.wikidata.org/entity/Q130354056,España,España,Marinera,Tapa típica de la Región de Murcia (España),Ensaladilla,,
http://www.wikidata.org/entity/Q6093643,España,España,Pá-nolí,plato de la cocina española,,,
http://www.wikidata.org/entity/Q29998778,España,España,nuégados,plato típico de la Manchuela albaceteña,,,
http://www.wikidata.org/entity/Q109312180,España,España,Pan de cantos,pan candeal de España,,,
http://www.wikidata.org/entity/Q3230686,España,España,caracoles,producto culinario,Helix pomatia,,
http://www.wikidata.org/entity/Q11681782,España,España,Fardel,,carne de cerdo,,
http://www.wikidata.org/entity/Q5731577,España,España,Bollo maimón,"dulce típico de las provincias españolas de Salamanca, Zamora y León.",harina de trigo,,
http://www.wikidata.org/entity/Q3323829,España,España,Morcilla patatera,Embutido típico extremeño,"papa, pimentón, sangre",,
http://www.wikidata.org/entity/Q597159,España,España,Papas arrugadas,,Solanum tuberosum,"sal, papa",http://commons.wikimedia.org/wiki/Special:FilePath/Papasarrugadas.jpg
http://www.wikidata.org/entity/Q5892337,España,España,Harinosas,,,,
http://www.wikidata.org/entity/Q116250839,España,España,gachas tortas,"plato tradicional de la provincia de Almería, España","perejil, Solanum lidii, Pimiento seco, ajo, tomate, Allium cepa, harina, sal, Solanum tuberosum",,
http://www.wikidata.org/entity/Q107008224,España,España,flor frita,tipo de fruta de sartén,harina,,
http://www.wikidata.org/entity/Q9054806,España,España,Paleta de cerdo,,,,
http://www.wikidata.org/entity/Q16590111,España,España,Lentejas con chorizo,Estofado,"lenteja, laurel, chorizo",,
http://www.wikidata.org/entity/Q8347366,España,España,Coca de anís,,,,
http://www.wikidata.org/entity/Q16612124,España,España,nochebueno,dulce de España,,,
http://www.wikidata.org/entity/Q604408,España,España,magdalena,pequeño bizcocho con una distintiva forma de concha,harina,,
http://www.wikidata.org/entity/Q3573026,España,España,torta,"pan plano y redondo, salado o dulce","Birote salado, Bolillo (pan), guiso, embutido, Cochinita pibil, Lechuga romana, chile jalapeño, aguacate, frijoles refritos, tamal, mayonesa, huevo, vainilla, Allium cepa, Solanum lycopersicum, azúcar, fiambre, queso, leche, pan",,
http://www.wikidata.org/entity/Q5729428,España,España,Bizcocho borracho,postre de España,,,
http://www.wikidata.org/entity/Q13422497,España,España,sopa de ajo,tipo de sopa española,,,
http://www.wikidata.org/entity/Q5989305,España,España,madejas,plato español típico de Aragón y Cataluña,,,
http://www.wikidata.org/entity/Q3497851,España,España,Escudella i carn d'olla,,"Apium, albóndiga, Brassica oleracea, zanahoria",,
http://www.wikidata.org/entity/Q16886847,España,España,Hornado,plato típico de Ecuador,,,
http://www.wikidata.org/entity/Q35944,España,España,Panellet,"dulce típico de Cataluña, Aragón , Valencia y Baleares",mazapán,,
http://www.wikidata.org/entity/Q717435,España,España,mantecado,dulce tradicional de España,,,
http://www.wikidata.org/entity/Q4796278,España,España,arroz a la cubana,,huevo,,
http://www.wikidata.org/entity/Q4102828,España,España,Barquillo,"galleta hecha con harina, agua, azúcar o miel",,,
http://www.wikidata.org/entity/Q9056687,España,España,Pasta marquesa,repostería navideña de almendras y mazapán,,,
http://www.wikidata.org/entity/Q111628882,España,España,Torta de pellizco,"pastel típico de Ubrique  y Alcalá de los Gazules, España","aceite de semillas, semilla de anís, harina de trigo, limón, canela, aceite de oliva, levadura, pimpinella anisum, azúcar",,
http://www.wikidata.org/entity/Q11936373,España,España,miel y mató,,"Mató, miel",,
http://www.wikidata.org/entity/Q16302027,España,España,borrachuelo,tipo de fruta de sartén de España,,,
http://www.wikidata.org/entity/Q5889331,España,España,gurullos,plato tradicional de España,harina de trigo,,
http://www.wikidata.org/entity/Q6072201,España,España,perdiz escabechada,,perdiz,,
http://www.wikidata.org/entity/Q5731555,España,España,Bolla de chicharrones,Dulce elaborado con chicharrones,"Chicharrón, pimpinella anisum, harina, azúcar",,
http://www.wikidata.org/entity/Q12866,España,España,sable de San Simón,dulce típico de Mataró,,,
http://www.wikidata.org/entity/Q7196890,España,España,pionono,dulce de repostería hispano,,,
http://www.wikidata.org/entity/Q6075158,España,España,Picos,,,,
http://www.wikidata.org/entity/Q5877909,España,España,Hojuela,dulce español,harina,,
http://www.wikidata.org/entity/Q20921917,España,España,Rusos de Alfaro,Dulce tradicional (Alfaro - La Rioja),,,
http://www.wikidata.org/entity/Q220964,España,España,tapa,aperitivos españoles,,,
http://www.wikidata.org/entity/Q8347373,España,España,Coca de mollitas,,,,
http://www.wikidata.org/entity/Q8347360,España,España,Coca de Castellón,,,,
http://www.wikidata.org/entity/Q3751036,España,España,Esgarraet,,morrón,,
http://www.wikidata.org/entity/Q3570585,España,España,xató,tipo salsa que se emplea en ensaladas,,,
http://www.wikidata.org/entity/Q159304,España,España,turrón,"dulce navideño a base de almendra, miel y huevo de origen en la localidad alicantina de Jijona","clara de huevo, almendra, miel",,
http://www.wikidata.org/entity/Q11696544,España,España,Olla del segador,,garbanzo,,
http://www.wikidata.org/entity/Q2255703,España,España,Rabo de cerdo,,,,
http://www.wikidata.org/entity/Q5668956,España,España,Bajoques farcides,Plato típico de la provincia de Valencia,,,
http://www.wikidata.org/entity/Q57264472,España,España,Magdalena,bizcocho tradicional de España en molde de papel acanalado,,,
http://www.wikidata.org/entity/Q5900909,España,España,Hojaldrina,,"harina de trigo, jugo de naranja, manteca de cerdo, azúcar, vino",,
http://www.wikidata.org/entity/Q16616890,España,España,Pastel de arroz,"plato con mantequilla, hojaldre, leche fresca, harina, azúcar y huevo",,,
http://www.wikidata.org/entity/Q4886748,España,España,Caldereta de langosta,,,,
http://www.wikidata.org/entity/Q1216999,España,España,Porrusalda,,,"zanahoria, cebolla, puerro, papa, ajo",http://commons.wikimedia.org/wiki/Special:FilePath/Porrusalda.jpg
http://www.wikidata.org/entity/Q16571645,España,España,Ginestada,salsa,"leche de vaca, harina de arroz",,
http://www.wikidata.org/entity/Q6094530,España,España,Quesadilla herreña,,,,
http://www.wikidata.org/entity/Q2932523,España,España,Cachelo,alimento,,,
http://www.wikidata.org/entity/Q591888,España,España,fartón,dulce típico del municipio valenciano de Alboraya,harina,,
http://www.wikidata.org/entity/Q6066244,España,España,patatas a lo pobre,patatas fritas cortadas en rodajas y servidas amontonadas,,,
http://www.wikidata.org/entity/Q392172,España,España,Torta de aceite,,harina de trigo,,
http://www.wikidata.org/entity/Q114679328,España,España,Bocadillo de lomo,,"carne de cerdo, sándwich",,
http://www.wikidata.org/entity/Q2154527,España,España,Huevos moles,receta de las Islas Canarias,,,
http://www.wikidata.org/entity/Q2884071,España,España,Huesos de san Expedito,dulce,,,
http://www.wikidata.org/entity/Q5638274,España,España,queso y dulce,postre,"Dulce de batata, dulce de membrillo, queso",,
http://www.wikidata.org/entity/Q1411695,España,España,Pan con tomate,preparación culinaria básica,"tomate, pan",,
http://www.wikidata.org/entity/Q2878129,España,España,Bacalao al ajoarriero,Bacalao en salazón cocinado con verduras,"tomate, bacalao, ajo",,
http://www.wikidata.org/entity/Q5730960,España,España,Bocadillo de chorizo,"tipo de bocadillo que puede servirse con diferentes variedades de chorizo, por lo general en forma de lonchas",,"panecillo, chorizo",http://commons.wikimedia.org/wiki/Special:FilePath/Bocadillo%20de%20chorizo%20%28Brea%29.JPG
http://www.wikidata.org/entity/Q385808,España,España,hornazo,comida popular española de pan engrasado,"carne de cerdo, harina",,
http://www.wikidata.org/entity/Q1131897,España,España,Mazamorra,alimento semilíquido,,"agua, maíz, Hipoclorito de sodio",http://commons.wikimedia.org/wiki/Special:FilePath/Mazamorra-1-..JPG
http://www.wikidata.org/entity/Q110891687,España,España,Zopako,pan tradicional del País Vasco,,,
http://www.wikidata.org/entity/Q8255731,España,España,callos a la madrileña,plato,tripas,,
http://www.wikidata.org/entity/Q3098712,España,España,Gazpachos extremeños,plato de la gastronomía española,,"pan, yema de huevo, Pimentón de la Vera, tomate",http://commons.wikimedia.org/wiki/Special:FilePath/Gazpacho%20extreme%C3%B1o.jpg
http://www.wikidata.org/entity/Q1216990,España,España,Trucha a la navarra,,,"Jamón de España, Salmo trutta",http://commons.wikimedia.org/wiki/Special:FilePath/Trucha%20a%20la%20Navarra.jpg
http://www.wikidata.org/entity/Q62059923,España,España,Tokke,barrita de chocolate,,,
http://www.wikidata.org/entity/Q1218450,España,España,Lacón,,,,
http://www.wikidata.org/entity/Q3028666,España,España,Neula,,harina,,
http://www.wikidata.org/entity/Q30005092,España,España,arroz con granos,plato típico manchego,"linguiça, morcilla, fríjol, chorizo, arroz, panceta",,
http://www.wikidata.org/entity/Q6406630,España,España,Castañas con leche,,,,
http://www.wikidata.org/entity/Q6082370,España,España,Ponche segoviano,,,,
http://www.wikidata.org/entity/Q111182015,España,España,Pan de cañada,pan plano aragonés,,,
http://www.wikidata.org/entity/Q597044,España,España,Quesada pasiega,postre típico de Cantabria,leche,,
http://www.wikidata.org/entity/Q61767137,España,España,Blanco y negro,bocadillo valenciano,,,
http://www.wikidata.org/entity/Q85791787,España,España,Ternasco asado,,Ternasco,,
http://www.wikidata.org/entity/Q5739698,España,España,Calamares en su tinta,,"tomate, tinta de calamar, ajo, cebolla, aceite de oliva, Teuthida, vino blanco",,
http://www.wikidata.org/entity/Q10753530,España,España,Lechazo asado,,carne de cordero,,
http://www.wikidata.org/entity/Q11168485,España,España,Regañao,torta típica de Teruel,,,
http://www.wikidata.org/entity/Q6150978,España,España,Torta loca,dulce típico de la provincia de Málaga,"yema, aceite de girasol, huevo, hojaldre, harina, azúcar",,
http://www.wikidata.org/entity/Q6009527,España,España,melcocha,dulce español elaborado con la caña de azúcar y que pasó a las Américas con los conquistadores. Posiblemente su origen sea árabe,"panela, limón",,
http://www.wikidata.org/entity/Q17015916,España,España,Roscón de reyes,bollo típico de fechas navideñas,,,
http://www.wikidata.org/entity/Q109453166,España,España,Pan Dalí,tipo de pan inspirado en Salvador Dalí,,,
http://www.wikidata.org/entity/Q5663872,España,España,Albóndigas de bacalao,,"ajo, perejil, papa, bacalao, Piñón, huevo",,
http://www.wikidata.org/entity/Q743714,España,España,Catanias,confite español,almendro,,
http://www.wikidata.org/entity/Q7827307,España,España,Tortita negra,factura de la gastronomía argentina,harina,,
http://www.wikidata.org/entity/Q5904252,España,España,hueso de santo,dulce español típico del día de Todos los Santos,,,
http://www.wikidata.org/entity/Q581701,España,España,Cocido lebaniego,,garbanzo,,
http://www.wikidata.org/entity/Q683495,España,España,Pastel vasco,postre cuyo origen está en la región vasco-francesa de Lapurdi,,"mantequilla, huevo, harina de almendra",http://commons.wikimedia.org/wiki/Special:FilePath/G%C3%A2teau%20Basque%20in%20Gastroteka%20Bimendi%202020-05%20ac.jpg
http://www.wikidata.org/entity/Q20016,España,España,fideuá,plato típico español,,"agua, sal, aceite de oliva, mejillón, producto del mar, cebolla, fideo, ajo, gamba, Sepia esculenta",http://commons.wikimedia.org/wiki/Special:FilePath/Fideua%20-%20xurde.jpg
http://www.wikidata.org/entity/Q5834310,España,España,Entornao,,,,
http://www.wikidata.org/entity/Q927982,España,España,Cocido montañés,plato gastronómico típico de Cantabria,,,
http://www.wikidata.org/entity/Q112661348,España,España,Hojas de parra,"postre típico de Navarra, España","jugo de limón, anisetta, harina de trigo, huevo, canela",,
http://www.wikidata.org/entity/Q5738673,España,España,Cachorreñas,"sopa que se suele elaborar con pan en remojo, con algo de vinagre","pimentón, vinagre, pan, ajo, agua",,
http://www.wikidata.org/entity/Q3394588,España,España,Almendrados de Allariz,plato de la gastronomía gallega,,,
http://www.wikidata.org/entity/Q8347391,España,España,cochinillo asado,,carne de cerdo,,
http://www.wikidata.org/entity/Q112325694,España,España,Torta de cañamones,pan plano de España,,,
http://www.wikidata.org/entity/Q950976,España,España,gachas,plato de la cocina tradicional española,harina de trigo,,
http://www.wikidata.org/entity/Q109380830,España,España,Lechuguino,pan candeal de Valladolid,,,
http://www.wikidata.org/entity/Q25413607,España,España,Chocho,,,,
http://www.wikidata.org/entity/Q3589163,España,España,Espinacas a la catalana,,"Piñón, Spinacia oleracea, pasa",,
http://www.wikidata.org/entity/Q7230368,España,España,Porra antequerana,sopa fría de España,"ajo, Solanum lycopersicum, pan",,
http://www.wikidata.org/entity/Q6076597,España,España,pipirrana,"ensalada de cebolla, tomate, pimiento verde y pepino, de España",,"morrón, pepino, cebolla, tomate",http://commons.wikimedia.org/wiki/Special:FilePath/Pegalajar%20%28RPS%2017-08-2014%29%20Pipirrana.png
http://www.wikidata.org/entity/Q91903691,España,España,Barzón (postre),postre de Autol,,,
http://www.wikidata.org/entity/Q868158,España,España,Cocido,"guiso de legumbres, carnes y verduras típico de la gastronomía española","garbanzo, Salo, papa, fríjol, carne, fiambre, zanahoria",,
http://www.wikidata.org/entity/Q1555816,España,España,Piperrada,,,"Capsicum, cebolla, tomate",http://commons.wikimedia.org/wiki/Special:FilePath/Pip%C3%A9rade.jpg
http://www.wikidata.org/entity/Q8962869,España,España,Frito mallorquín,,,,
http://www.wikidata.org/entity/Q2843384,España,España,Goguera,,,,
http://www.wikidata.org/entity/Q6007813,España,España,mazapán de Soto,,,,
http://www.wikidata.org/entity/Q5768439,España,España,Chula,plato de la cocina gallega,,,
http://www.wikidata.org/entity/Q177166,España,España,torta de reyes,bollo elaborado con una masa dulce con forma de toroide adornado con rodajas de fruta,masa,,
http://www.wikidata.org/entity/Q30918987,España,España,Abisinio,postre de masa frita y relleno de crema pastelera,crema pastelera,,
http://www.wikidata.org/entity/Q11923085,España,España,freginat,,carne de cerdo,,
http://www.wikidata.org/entity/Q702104,España,España,pimientos rellenos,plato de verdura rellena,"carne picada, Capsicum",,
http://www.wikidata.org/entity/Q16619629,España,España,plato alpujarreño,,"Huevo frito, papas fritas",,
http://www.wikidata.org/entity/Q3667736,España,España,Chicharrón,comida basada en la grasa del cerdo,"piel de cerdo, panza de cerdo","panza de cerdo, piel de cerdo",http://commons.wikimedia.org/wiki/Special:FilePath/ChicharronMixto.JPG
http://www.wikidata.org/entity/Q16643224,España,España,Turrón de Soconusco,,"grano de cacao, almendra, azúcar, leche",,
http://www.wikidata.org/entity/Q16621176,España,España,potaje de farro,,,,
http://www.wikidata.org/entity/Q4393189,España,España,remojón,,,,
http://www.wikidata.org/entity/Q1639853,España,España,Moros y cristianos,plato originario de cuba,,,
http://www.wikidata.org/entity/Q132800029,España,España,Boba,pan español de trigo,,,
http://www.wikidata.org/entity/Q1784786,España,España,pisto,plato manchego,"Solanum lycopersicum, Allium cepa, berenjena","berenjena, Allium cepa, aceite de oliva, Capsicum, tomate",http://commons.wikimedia.org/wiki/Special:FilePath/Pisto.jpg
http://www.wikidata.org/entity/Q555084,España,España,dulce de membrillo,dulce de fruta,"membrillo, azúcar","azúcar, membrillo",http://commons.wikimedia.org/wiki/Special:FilePath/Dulce%20de%20membrillo.jpg
http://www.wikidata.org/entity/Q6112629,España,España,rosquillas de Santa Clara,,,,
http://www.wikidata.org/entity/Q16613521,España,España,Olla segorbina,guiso (olla) típico de la provincia de Castellón,,,
http://www.wikidata.org/entity/Q2894790,España,España,caldo de pimentón,,,,
http://www.wikidata.org/entity/Q9078988,España,España,Sopa de almendra,,"almendra, crema de leche, canela, vainilla, leche",,
http://www.wikidata.org/entity/Q5710501,España,España,ate,variedad de dulce de membrillo de México,,Cydonia,http://commons.wikimedia.org/wiki/Special:FilePath/Ates.jpg
http://www.wikidata.org/entity/Q168263,España,España,Tortel,dulce catalán,brioche,,
http://www.wikidata.org/entity/Q20921881,España,España,Cañas,,,,
http://www.wikidata.org/entity/Q53869442,España,España,Fritillas Manchegas,dulce conquense,,,
http://www.wikidata.org/entity/Q2227296,España,España,pestiño,tipo de fruta de sartén,masa,,
http://www.wikidata.org/entity/Q957776,España,España,migas,plato español,pan,,
http://www.wikidata.org/entity/Q117195224,España,España,marinera,tapa tradicional de la Región de Murcia,,"anchoa en salazón, ensalada rusa",http://commons.wikimedia.org/wiki/Special:FilePath/Marinera%20%2820230317%20151918%29.jpg
http://www.wikidata.org/entity/Q6090810,España,España,Puchas,dulces típicos de Semana Santa en la Sierra de Francia Salamanca,"picatostes, aceite, pimpinella anisum, harina, sal, azúcar",,
http://www.wikidata.org/entity/Q1420371,España,España,Goxua,,,"crema de leche, caramelo, bizcocho, crema pastelera",http://commons.wikimedia.org/wiki/Special:FilePath/Goxua.jpg
http://www.wikidata.org/entity/Q4543774,España,España,bolado,bollo repostero servido en España desde el siglo XVIII,,,
http://www.wikidata.org/entity/Q1344218,España,España,Ensaimada de Mallorca,,"manteca de cerdo, huevo, harina, azúcar",,
http://www.wikidata.org/entity/Q930514,España,España,Torta Cristina,,,,
http://www.wikidata.org/entity/Q9082318,España,España,Tejas y Cigarrillos de Tolosa,,,,
http://www.wikidata.org/entity/Q5662130,España,España,Alajú,postre de la provincia de Cuenca,,,
http://www.wikidata.org/entity/Q5775793,España,España,Coc de Fraga,postre español,,,
http://www.wikidata.org/entity/Q6066037,España,España,Pastel cordobés,,,,
http://www.wikidata.org/entity/Q1243795,España,España,Marmita de bonito,marmitako,,"pez, Capsicum, cebolla, papa, tomate",http://commons.wikimedia.org/wiki/Special:FilePath/Marmitako.JPG
http://www.wikidata.org/entity/Q1089959,España,España,churrasco,tipo de carne a la brasa,carne,carne,http://commons.wikimedia.org/wiki/Special:FilePath/Costela%20no%20Fogo.JPG
http://www.wikidata.org/entity/Q6139075,España,España,Tarta capuchina,,,,
http://www.wikidata.org/entity/Q109311139,España,España,Pan de flama,tipo de panes,,,
http://www.wikidata.org/entity/Q6013714,España,España,Migas de niño,postre típico de la provincia de Cuenca,,,
http://www.wikidata.org/entity/Q110533119,España,España,Mollete de Antequera,Protección Geográfica Protegida,,,
http://www.wikidata.org/entity/Q6121521,España,España,Torrija,,pan,,
http://www.wikidata.org/entity/Q3571325,España,España,Chiretas,embutido de cordero y arroz típico de la zona del Pirineo,,,
http://www.wikidata.org/entity/Q111993743,España,España,Pan de codos,pan de origen catalán,,,
http://www.wikidata.org/entity/Q15705292,España,España,Filloa,plato de la cocina del noroeste de españa,,"agua potable, leche, harina, huevo de gallina",http://commons.wikimedia.org/wiki/Special:FilePath/Filloa%20con%20mermelada%20de%20frambuesa.jpg
http://www.wikidata.org/entity/Q5878377,España,España,cabrito,asado de cabrito ensartado por una barra de metal,,,
http://www.wikidata.org/entity/Q21082813,España,España,flaona,pastel relleno de crema o requesón,,,
http://www.wikidata.org/entity/Q2882983,España,España,Yemas de Santa Teresa,Dulce elaborado con yema de huevo y azúcar exclusivamente,"azúcar blanco, yema de huevo",,
http://www.wikidata.org/entity/Q5873872,España,España,Gachas dulces,"gachas típicas de toda la provincia de Jaén, España",,,
http://www.wikidata.org/entity/Q19803309,España,España,Martillo de San Eloy,postre tradicional de Barcelona,,,
http://www.wikidata.org/entity/Q6403489,España,España,Carbón dulce,golosina típica navideña,,,
http://www.wikidata.org/entity/Q12261332,España,España,Carolina,,,,
http://www.wikidata.org/entity/Q9078656,España,España,Soldaditos de Pavía,,,Capsicum annuum,http://commons.wikimedia.org/wiki/Special:FilePath/Soldaditos%20de%20Pavia-Bacalao.jpg
http://www.wikidata.org/entity/Q6164115,España,España,Viuda de Solano,marca de caramelos,,,
http://www.wikidata.org/entity/Q3326726,España,España,Sukalki,,,,
http://www.wikidata.org/entity/Q5669743,España,España,Almendrado,,,"miel, azúcar, almendra",http://commons.wikimedia.org/wiki/Special:FilePath/Perrunilla.jpg
http://www.wikidata.org/entity/Q6059926,España,España,Pantortilla,"especialidad de la repostería de Reinosa, Cantabria",,,
http://www.wikidata.org/entity/Q89741283,España,España,Conejo con chocolate,plato catalán de conejo en salsa de vino y chocolate,,"vino blanco, aceite de oliva, especia, almendra, Carne de conejo, Tableta de chocolate, Vi ranci, ajo, finas hierbas, pan frito, cebolla",http://commons.wikimedia.org/wiki/Special:FilePath/Conill%20a%20la%20xocolata.jpg
http://www.wikidata.org/entity/Q28148567,España,España,Miel de Liébana,Denominación de origen de miel,,,
http://www.wikidata.org/entity/Q29998523,España,España,sopa de almendras de Alborea,plato típico de Alborea,"almendra, huevo, Allium sativum, pan",,
http://www.wikidata.org/entity/Q65561673,España,España,san jacobo,,queso,,
http://www.wikidata.org/entity/Q11699222,España,España,picatostes,pan frito en aceite,,"pan, aceite de oliva",http://commons.wikimedia.org/wiki/Special:FilePath/Picatostes-Caf%C3%A9%20de%20Oriente%20%28Madrid%29.jpg
http://www.wikidata.org/entity/Q106252,España,España,mazapán,"dulce a base de azúcar, almendra y huevo","harina de almendra, azúcar",,
http://www.wikidata.org/entity/Q5663844,España,España,alboronía,,,,
http://www.wikidata.org/entity/Q3393785,España,España,Pera al vino,,"pera, vino tinto",,
http://www.wikidata.org/entity/Q956137,España,España,Tocino de cielo,,yema de huevo,,
http://www.wikidata.org/entity/Q29998758,España,España,arroz con collejas,plato típico de la Manchuela albaceteña,,,
http://www.wikidata.org/entity/Q6009774,España,España,Meloja (dulce),,,,
http://www.wikidata.org/entity/Q34715,España,España,Tarta de Santiago,receta gastronómica,,"azúcar, almendra, harina de almendra, huevo de gallina, limón",http://commons.wikimedia.org/wiki/Special:FilePath/Tarta%20de%20Santiago-2009.jpg
http://www.wikidata.org/entity/Q5862438,España,España,Flan chino,,,,
http://www.wikidata.org/entity/Q9058863,España,España,pets de monja,tipo de galleta de Cataluña,,"azúcar, mantequilla, harina, limón, huevo",http://commons.wikimedia.org/wiki/Special:FilePath/Pets%20de%20monja.jpg
http://www.wikidata.org/entity/Q6083004,España,España,porra,tipo de fruta de sartén,,,
http://www.wikidata.org/entity/Q3753920,España,España,Ensalada malagueña,plato malagueño,,,
http://www.wikidata.org/entity/Q109801608,España,España,Nécoras rellenas,"plato de marisco de Galicia, España",,,
http://www.wikidata.org/entity/Q1142807,España,España,cuajada,producto lácteo,"leche cruda, cuajo",,
http://www.wikidata.org/entity/Q113336629,España,España,Libreta,pan que pesa una libra,,,
http://www.wikidata.org/entity/Q8351601,España,España,Crespillos de borraja,,,,
http://www.wikidata.org/entity/Q5875021,España,España,Gambas en gabardina,,gamba o langostino,,
http://www.wikidata.org/entity/Q3543394,España,España,Arroz negro,plato español,arroz blanco,,
http://www.wikidata.org/entity/Q108545001,España,España,Pan de cinta,"variedad de pan de Aragón, España",,,
http://www.wikidata.org/entity/Q6139083,España,España,Tarta típica de Jerez,,,,
http://www.wikidata.org/entity/Q113403844,España,España,Langosta al chocolate,guiso típico catalán,,,
http://www.wikidata.org/entity/Q2165047,España,España,Jamón de España,,,,
http://www.wikidata.org/entity/Q6112632,España,España,rosquillas francesas,,,,
http://www.wikidata.org/entity/Q115141348,España,España,Jallullo,Plato típico de la provincia de Murcia (España),"cebolla, Longaniza, pimienta, pimentón, morcilla, aceite de oliva, harina, sal",,
http://www.wikidata.org/entity/Q2671459,España,España,polvorón,dulce tradicional de Andalucía,"Almendra, Anexo:Nueces con valor culinario, harina, azúcar, leche","leche, azúcar, harina, almendra",http://commons.wikimedia.org/wiki/Special:FilePath/Polvor%C3%B3n%20de%20Estepa.jpg
http://www.wikidata.org/entity/Q6169928,España,España,Yemas del Tajo,,,,
http://www.wikidata.org/entity/Q2892320,España,España,Panecillos de San Antón,,,,
http://www.wikidata.org/entity/Q2101181,España,España,Pulpo a la gallega,"plato tradicional de Galicia, España",,"sal, aceite de oliva, pimentón, pulpo","http://commons.wikimedia.org/wiki/Special:FilePath/Festa%20da%20Istoria%202011%20%286089203513%29.jpg, http://commons.wikimedia.org/wiki/Special:FilePath/Raci%C3%B3nPulpo.jpg"
http://www.wikidata.org/entity/Q970055,España,España,gachamiga,plato tradicional del sureste español,,,
http://www.wikidata.org/entity/Q9081965,España,España,Tarta de Mondoñedo,,,,
http://www.wikidata.org/entity/Q6059380,España,España,Pan de Cádiz,,mazapán,,
http://www.wikidata.org/entity/Q65163168,España,España,tabernero,tapa tradicional de Almería,,,
http://www.wikidata.org/entity/Q2864214,España,España,arrop i tallaetes,postre valenciano,"mosto, calabaza, agua",,
http://www.wikidata.org/entity/Q202677,España,España,gazpacho,plato típico español,,"Capsicum annuum, pan, agua potable, sal, hielo, Cucumis sativus, Solanum lycopersicum, vinagre, aceite de oliva, Capsicum, jugo de limón, cebolla, tomate, ajo",http://commons.wikimedia.org/wiki/Special:FilePath/Gazpacho%20Cazuela%20Barro.jpg
http://www.wikidata.org/entity/Q6151068,España,España,Tostadas de crema,,,,
http://www.wikidata.org/entity/Q121162872,España,España,zaramandoña,"tipo de ensalada de las sierras de Filabres y Alhamilla, España",,,
http://www.wikidata.org/entity/Q29998824,España,España,ajopuchero,plato típico de la Manchuela albaceteña,,,
http://www.wikidata.org/entity/Q1227562,España,España,Bacalao al pil pil,,"bacalao, ajo, ají, aceite de oliva",,
http://www.wikidata.org/entity/Q5884920,España,España,Granizado de almendra,,,,
http://www.wikidata.org/entity/Q212121,España,España,paella,plato de arroz típico de la Comunidad Valenciana (España),"tomate, judía verde, Carne de conejo, pallar, aceite de oliva, azafrán, sal, pollo",,
http://www.wikidata.org/entity/Q1452513,España,España,pincho,tipo de aperitivo de España,,,
http://www.wikidata.org/entity/Q5034525,España,España,Caparrón pinto,,,,
http://www.wikidata.org/entity/Q104504307,España,España,Arròs del senyoret,Plato de arroz valenciano,,,
http://www.wikidata.org/entity/Q4774679,España,España,Jamón ibérico,pata trasera de cerdos adultos ibéricos sometida a salazón y curado durante un determinado periodo de tiempo en España y Portugal,jamón,,
http://www.wikidata.org/entity/Q6094633,España,España,Quesos helados,,,,
http://www.wikidata.org/entity/Q48781446,España,España,Otana,,"harina de centeno, masa madre, harina de trigo, masa, sal",,
http://www.wikidata.org/entity/Q3331341,España,España,guiso,proceso culinario,,,
http://www.wikidata.org/entity/Q5873987,España,España,Gajorro,,,,
http://www.wikidata.org/entity/Q108776243,España,España,Pan cateto,pan típico de Málaga y otras partes de Andalucía,,,
http://www.wikidata.org/entity/Q6132427,España,España,Sopas,,,,
http://www.wikidata.org/entity/Q30005082,España,España,gachas manchegas estilo la Josefa,plato típico manchego,,,
http://www.wikidata.org/entity/Q113128973,España,España,Torta de leche,dulce español,,,
http://www.wikidata.org/entity/Q20017159,España,España,mantecado de Portillo,"dulce propio de la localidad de Portillo, España",,,
http://www.wikidata.org/entity/Q917761,España,España,dulce de leche,caramelo en forma de mermelada a base de leche,leche,leche,http://commons.wikimedia.org/wiki/Special:FilePath/DulceDeLeche.jpg
http://www.wikidata.org/entity/Q117459468,México,México,Arepa de choclo,"Comida típica de Colombia, Costa Rica, Ecuador y México","leche de vaca, panela, sal, mantequilla, queso",,
http://www.wikidata.org/entity/Q596215,México,México,frijoles refritos,plato mexicano,"cebolla, caldo, ajo, legumbre, manteca de cerdo",,
http://www.wikidata.org/entity/Q110953641,México,México,Mollete,plato de pan mexicano,,,
http://www.wikidata.org/entity/Q5878377,México,México,cabrito,asado de cabrito ensartado por una barra de metal,,,
http://www.wikidata.org/entity/Q5832771,México,México,Enfrijoladas,,"fríjol, tortilla de trigo, crema de leche, queso",,
http://www.wikidata.org/entity/Q5412364,México,México,Birote,Tipo de Pan,,,
http://www.wikidata.org/entity/Q5019112,México,México,Caldo de siete mares,,carne de pollo,,
http://www.wikidata.org/entity/Q112317561,México,México,Chanclas poblanas,plato mexicano de pan relleno y bañado en salsa,,,
http://www.wikidata.org/entity/Q60761458,México,México,arigue,,,,
http://www.wikidata.org/entity/Q6083004,México,México,porra,tipo de fruta de sartén,,,
http://www.wikidata.org/entity/Q18285591,México,México,alambre,comida mexicana,carne,,
http://www.wikidata.org/entity/Q112944430,México,México,Cortadillo (dulce mexicano),,,,
http://www.wikidata.org/entity/Q28155493,México,México,Sopa de lima,,"carne de pollo, tortilla, caldo, lima","lima, caldo, carne de pollo, tomate, tortilla",http://commons.wikimedia.org/wiki/Special:FilePath/Sopa%20de%20lima.jpg
http://www.wikidata.org/entity/Q2386967,México,México,Taco al pastor,plato de origen mexicano,"piña, carne de cerdo",,
http://www.wikidata.org/entity/Q9034272,México,México,Molote,"Del náhuatl ""moloctli"". Antojito callejero de masa de maíz, el relleno y la salsa dependen de la región. Se puede encontrar en el estado de Hidalgo, Oaxaca, Puebla, Tlaxcala y Veracruz.",,"agua, sal, manteca de cerdo, salsa, maíz",http://commons.wikimedia.org/wiki/Special:FilePath/Molotes.jpg
http://www.wikidata.org/entity/Q3280441,México,México,Tostada mexicana,,"Tortilla de maíz, tortilla de trigo",,
http://www.wikidata.org/entity/Q10752894,México,México,Elote,mazorca de maíz tierno,"maíz, chile en polvo, mantequilla, lima",,
http://www.wikidata.org/entity/Q4916959,México,México,birria,plato,,,
http://www.wikidata.org/entity/Q5929327,México,México,Huevos divorciados,"desayuno mexicano, variante de los huevos rancheros",huevo,,
http://www.wikidata.org/entity/Q109423278,México,México,bolillo con relleno,platillo típico del estado de Guerrero,"chile mirasol, Bolillo (pan), carne de cerdo, plátano macho, especia",,
http://www.wikidata.org/entity/Q3694877,México,México,Corunda,típo mexixano de tamale,,,
http://www.wikidata.org/entity/Q119010473,México,México,Taco placero,variedad de taco,,,
http://www.wikidata.org/entity/Q2955932,México,México,Champurrado,,,,
http://www.wikidata.org/entity/Q917761,México,México,dulce de leche,caramelo en forma de mermelada a base de leche,leche,leche,http://commons.wikimedia.org/wiki/Special:FilePath/DulceDeLeche.jpg
http://www.wikidata.org/entity/Q5479702,México,México,Nieve,helado frutal,"agua, fruto",,
http://www.wikidata.org/entity/Q2681008,México,México,huevos rancheros,plato a base de huevo,,"huevo, ají, cebolla, tomate, tortilla",http://commons.wikimedia.org/wiki/Special:FilePath/Huevos%20rancheros.jpg
http://www.wikidata.org/entity/Q10751991,México,México,Sope,,,,
http://www.wikidata.org/entity/Q5243850,México,México,Esquites,alimento de México,maíz,,
http://www.wikidata.org/entity/Q111365597,México,México,Taco árabe,platillo mexicano,carne de cordero,,
http://www.wikidata.org/entity/Q6826082,México,México,pizza mexicana,,,,
http://www.wikidata.org/entity/Q111398939,México,México,Tamal de bola,tipo de tamal  de maíz,,,
http://www.wikidata.org/entity/Q107478965,México,México,Glorias de Linares,dulce típico de México,"Carya illinoinensis, bicarbonato, canela, azúcar, leche",,
http://www.wikidata.org/entity/Q871272,México,México,Fajita,plato tradicional mexicano,"tortilla de trigo, carne, Capsicum annuum",,
http://www.wikidata.org/entity/Q10711327,México,México,Ustilago maydis,,Ustilago maydis,,
http://www.wikidata.org/entity/Q9077681,México,México,Sincronizada,Platillo de origen mexicano,jamón,,
http://www.wikidata.org/entity/Q106977722,México,México,quesabirria,platillo mexicano,"Consomé, tortilla, carne de res, queso",,
http://www.wikidata.org/entity/Q18344267,México,México,panes mexicanos,,,,
http://www.wikidata.org/entity/Q66817770,México,México,Carne polaca,plato mexicano de carne,"carne de pollo, col, carne de res",,
http://www.wikidata.org/entity/Q85876025,México,México,Pan bazo,pan de México y zonas de España,,,
http://www.wikidata.org/entity/Q865325,México,México,quesadilla mexicana,plato típico mexicano,"tortilla, tortilla de trigo, queso","queso, tortilla",http://commons.wikimedia.org/wiki/Special:FilePath/Quesadilles%20de%20Blanes%20amb%20salses.jpg
http://www.wikidata.org/entity/Q111398890,México,México,totoposte,"Tortilla de maíz de 30 cm de diámetro, muy delgada, originaria de los estados de Tabasco y Chiapas en México.",,"agua, sal, manteca de cerdo, maíz",http://commons.wikimedia.org/wiki/Special:FilePath/Totoposte.jpg
http://www.wikidata.org/entity/Q5946107,México,México,arroz rojo,,,"arroz, caldo, cebolla, tomate, ajo",http://commons.wikimedia.org/wiki/Special:FilePath/Mexican%20rice%20and%20beans.jpg
http://www.wikidata.org/entity/Q24960939,México,México,Marquesote,,,,
http://www.wikidata.org/entity/Q16635693,México,México,Sopa de habas,,haba,,
http://www.wikidata.org/entity/Q109353074,México,México,Cemita de Puebla,"pan y platillo típicos de Puebla, en México",,,
http://www.wikidata.org/entity/Q6817675,México,México,Menudo,Plato,,,
http://www.wikidata.org/entity/Q6815190,México,México,Memela,,masa de maíz,,
http://www.wikidata.org/entity/Q876096,México,México,Enchilada,platillo mexicano y centroamericano,"Tortilla de maíz, salsa picante, carne",,
http://www.wikidata.org/entity/Q26211079,México,México,pan de maíz,Preparación a base de maíz típica en las Américas.,maíz dulce,,
http://www.wikidata.org/entity/Q2720163,México,México,pan de muerto,"pan dulce mexicano, tradicional del Día de Muertos",,,
http://www.wikidata.org/entity/Q112944304,México,México,Cortadillo norteño,estofado del norte de México,,,
http://www.wikidata.org/entity/Q121600417,México,México,Pan menonita,pan semidulce mexicano,,,
http://www.wikidata.org/entity/Q1454955,México,México,Rompope,tipo de licor,"yema de huevo, leche",,
http://www.wikidata.org/entity/Q5521499,México,México,Gansito,postre de origen mexicano,,,
http://www.wikidata.org/entity/Q7827283,México,México,Torta Ahogada,platillo mexicano representativo de Guadalajara,,,
http://www.wikidata.org/entity/Q2963582,México,México,chilaquiles,platillo de México,"Tortilla de maíz, salsa, Allium cepa, chorizo, carne, huevo, crema de leche, queso",,
http://www.wikidata.org/entity/Q15941833,México,México,oblea,"Hoja delgada de pan ácimo, de origen medieval",,,
http://www.wikidata.org/entity/Q863794,México,México,Chili con carne,estofado estadounidense,ají,"ají, carne picada",http://commons.wikimedia.org/wiki/Special:FilePath/Bowl%20of%20chili.jpg
http://www.wikidata.org/entity/Q5862467,México,México,Flauta,plato típico mexicano,,,
http://www.wikidata.org/entity/Q6024261,México,México,Morisqueta,plato tradicional de México y Filipinas,,,
http://www.wikidata.org/entity/Q17630839,México,México,Escabeche oriental yucateco,plato de la gastronomía de Yucatán,"pimienta, escabeche, sal, Coriandrum sativum, vinagre",,
http://www.wikidata.org/entity/Q5103667,México,México,Sándwich de chocolate,,"pan, chocolate",,
http://www.wikidata.org/entity/Q258455,México,México,Totopo,,,,
http://www.wikidata.org/entity/Q3319470,México,México,Mole poblano,,,,
http://www.wikidata.org/entity/Q19949631,México,México,Aguachile,,,,
http://www.wikidata.org/entity/Q390823,México,México,burrito,plato mexicano elaborado con tortilla de harina envuelta en una variedad de rellenos,"relleno, tortilla de trigo",,
http://www.wikidata.org/entity/Q5673771,México,México,Pambazo,plato tradicional mexicano,,,
http://www.wikidata.org/entity/Q111995448,México,México,Panzaje,plato mexicano de carne,,,
http://www.wikidata.org/entity/Q105635905,México,México,Tacos gobernador,plato de comida mexicana,"Chile poblano, camarón, tortilla de trigo, Solanum lycopersicum, Allium cepa, queso",,
http://www.wikidata.org/entity/Q25004455,México,México,Hot dog de Sonora,hot dog al estilo mexicano,"Bolillo (pan), panceta",,
http://www.wikidata.org/entity/Q1072902,México,México,Chile en nogada,platillo típico mexicano,,,
http://www.wikidata.org/entity/Q5644076,México,México,Sopa de tortilla,sopa tradicional mexicana,,Tortilla de maíz,http://commons.wikimedia.org/wiki/Special:FilePath/Tortilla%20Soup.jpg
http://www.wikidata.org/entity/Q177564,México,México,pico de gallo,"ensalada también usada como salsa, que incluye verduras frescas cortadas en cuadritos","cebolla, tomate, jugo de lima, sal, ají","sal, Allium cepa, Solanum lycopersicum, Coriandrum sativum, jugo de limón","http://commons.wikimedia.org/wiki/Special:FilePath/Salsa%20mexicana.jpg, http://commons.wikimedia.org/wiki/Special:FilePath/Mmm...%20Pico%20de%20Gallo%20%285923456035%29.jpg, http://commons.wikimedia.org/wiki/Special:FilePath/Pico%20de%20Gallo%20Homemade%202014.JPG"
http://www.wikidata.org/entity/Q860808,México,México,chile chipotle,chile jalapeño ahumado y aliñado,,chile jalapeño,http://commons.wikimedia.org/wiki/Special:FilePath/Capsicum%20annuum%20chipotle%20dried.jpg
http://www.wikidata.org/entity/Q4939444,México,México,Bolillo (pan),,,,
http://www.wikidata.org/entity/Q17073167,México,México,Huachinango a la veracruzana,,pargo rojo,,
http://www.wikidata.org/entity/Q5098719,México,México,Chile relleno,Platillo mexicano,"ají, queso",,
http://www.wikidata.org/entity/Q109423540,México,México,asado de puerco,"platillo típico de Nuevo León, México",cerdo,,
http://www.wikidata.org/entity/Q1599125,México,México,wrap,,"relleno, pan plano",,
http://www.wikidata.org/entity/Q5613356,México,México,Guajolota,,Bolillo (pan),,
http://www.wikidata.org/entity/Q2626928,México,México,Calavera de alfeñique,"Golosina tradicional mexicana con forma de calavera típica del Día de muertos, hecha de alfeñique u otros dulces","sacarosa, arcilla",,
http://www.wikidata.org/entity/Q17090617,México,México,Tinga,platillo típico de México,,,
http://www.wikidata.org/entity/Q2393807,México,México,tacos dorado,platillo mesoamericano,Tortilla de maíz,,
http://www.wikidata.org/entity/Q191655,México,México,taco,platillo mexicano,"Tortilla de maíz, relleno, tortilla de trigo",carne,"http://commons.wikimedia.org/wiki/Special:FilePath/001%20Tacos%20de%20carnitas%2C%20carne%20asada%20y%20al%20pastor.jpg, http://commons.wikimedia.org/wiki/Special:FilePath/Tacos%202.jpg"
http://www.wikidata.org/entity/Q21004069,México,México,Relleno negro,platillo de la gastronomía de la península yucateca,"carne de pavo, carne de cerdo, ají",,
http://www.wikidata.org/entity/Q368910,México,México,Capirotada,postre de México,,,
http://www.wikidata.org/entity/Q2666603,México,México,Chimichanga,,tortilla de trigo,,
http://www.wikidata.org/entity/Q10916834,México,México,sopa de nuez,tipo de sopa,nuez,,
http://www.wikidata.org/entity/Q3543686,México,México,guinatán,método de preparar comida con leche de coco,leche de coco,,
http://www.wikidata.org/entity/Q109502070,México,México,Fruta de horno,tipo de galleta tradicional de México,"harina de trigo, panela, Fubá, azúcar, manteca de cerdo, agua",,
http://www.wikidata.org/entity/Q6009527,México,México,melcocha,dulce español elaborado con la caña de azúcar y que pasó a las Américas con los conquistadores. Posiblemente su origen sea árabe,"panela, limón",,
http://www.wikidata.org/entity/Q5044066,México,México,Carnitas,Carne de cerdo cocida en cazuelas de cobre con su propia manteca,Cocción a fuego lento,,
http://www.wikidata.org/entity/Q5929345,México,México,huevos motuleños,plato a base de huevo,Tortilla de maíz,,
http://www.wikidata.org/entity/Q7142958,México,México,Paste,,,,
http://www.wikidata.org/entity/Q87920812,México,México,Minguichi,plato típico de los purépechas de Michoacán,,,
http://www.wikidata.org/entity/Q5523588,México,México,Garnacha,Platillo de origen mexicano,"cebolla, Tortilla de maíz, papa, salsa, tortilla de trigo, carne",,
http://www.wikidata.org/entity/Q113666509,México,México,taco acorazado,taco de guisado preparado con tortilla de maíz,"Tortilla de maíz, salsa, fríjol, guisado, arroz",,
http://www.wikidata.org/entity/Q515692,México,México,Pozole,"sopa mexicana hecha a base de maíz cacahuazintle, al que se agregan carnes, verduras y especias",Nixtamal,,
http://www.wikidata.org/entity/Q7810735,México,México,tlayuda,,tortilla de trigo,,
http://www.wikidata.org/entity/Q5139783,México,México,Cocol,,harina de trigo,,
http://www.wikidata.org/entity/Q5780954,México,México,Concha,,,,
http://www.wikidata.org/entity/Q87923314,México,México,Obispo,Embutido de cerdo típico de Tenancingo (México),,,
http://www.wikidata.org/entity/Q4804467,México,México,Cochinita pibil,guiso yucateco de carne de cerdo adobada en achiote,,,
http://www.wikidata.org/entity/Q466430,México,México,nachos,platillo mexicano elaborado a base de tortilla de maíz cubierto con queso,"salsa de queso, Tortilla chip",,
http://www.wikidata.org/entity/Q125289631,México,México,pescado en Tikin Xic,"platillo de Yucatán, México","hoja de banana, ají, Llobarro, Bixa orellana",,
http://www.wikidata.org/entity/Q7083004,México,México,Caldo tlalpeño,,carne de pollo,,
http://www.wikidata.org/entity/Q204251,México,México,tortilla de trigo,,harina de trigo,"agua, sal, manteca de cerdo, harina de trigo",http://commons.wikimedia.org/wiki/Special:FilePath/NCI%20flour%20tortillas.jpg
http://www.wikidata.org/entity/Q98756165,Argentina,Argentina,Havannets,marca de dulces de Havanna,,"chocolate, dulce de leche",http://commons.wikimedia.org/wiki/Special:FilePath/Havannets.png
http://www.wikidata.org/entity/Q938682,Argentina,Argentina,alfajor,postre dulce,"mermelada de leche, harina",,
http://www.wikidata.org/entity/Q51183258,Argentina,Argentina,Sorrentinos,tipo de pasta argentina,,,
http://www.wikidata.org/entity/Q6107288,Argentina,Argentina,Revuelto de Gramajo,,,,
http://www.wikidata.org/entity/Q56493317,Argentina,Argentina,pizza argentina,"variedad de pizza originaria de Buenos Aires, Argentina","salsa de tomate, masa, mozzarella",,
http://www.wikidata.org/entity/Q1219287,Argentina,Argentina,bara brith,pan frutado de origen galés,levadura de panadería,,
http://www.wikidata.org/entity/Q2735024,Argentina,Argentina,anticucho,plato sudamericano cuyos ingredientes se ensartan en un palo,"Capsicum chinense, casquería, carne",carne,http://commons.wikimedia.org/wiki/Special:FilePath/Anticucho%20del%20Per%C3%BA.JPG
http://www.wikidata.org/entity/Q5748955,Argentina,Argentina,carbonada,guiso,,,
http://www.wikidata.org/entity/Q61581272,Argentina,Argentina,tucumana,empanada callejera boliviana,,,
http://www.wikidata.org/entity/Q56599132,Argentina,Argentina,Fugazza con queso,variedad de pizza de origen argentino,,,
http://www.wikidata.org/entity/Q2920546,Argentina,Argentina,Dulce de batata,,Ipomoea batatas,,
http://www.wikidata.org/entity/Q720254,Argentina,Argentina,asado,plato de carne cocinada exponiéndola al calor de fuego o brasas,carne de res,"llama, carne de res, carne de cerdo, carne de cordero",http://commons.wikimedia.org/wiki/Special:FilePath/Argentinean%20asado.jpg
http://www.wikidata.org/entity/Q6499669,Argentina,Argentina,Col rellena,plato de verdura rellena,"Brassica oleracea var. capitata f. alba, carne picada, Allium cepa","arroz, carne, verdura, Allium cepa, col blanca, seta comestible, carne picada, Brassica oleracea var. capitata f. alba",http://commons.wikimedia.org/wiki/Special:FilePath/Dolma%20Festival%2C%20Hnaberd%20%281%29.jpg
http://www.wikidata.org/entity/Q109311779,Argentina,Argentina,helado de dulce de leche,helado con sabor a dulce de leche,,,
http://www.wikidata.org/entity/Q9056693,Argentina,Argentina,pastafrola,"tarta dulce tradicional de Paraguay, Uruguay yArgentina",,"azúcar, gasificante, mantequilla, cáscara de limón, dulce de membrillo, harina de trigo, huevo de gallina",http://commons.wikimedia.org/wiki/Special:FilePath/Pastafrola.jpg
http://www.wikidata.org/entity/Q5638274,Argentina,Argentina,queso y dulce,postre,"Dulce de batata, dulce de membrillo, queso",,
http://www.wikidata.org/entity/Q6117020,Argentina,Argentina,sajta de pollo,Plato tradicional de Bolivia,"chuño, ají, pollo",,
http://www.wikidata.org/entity/Q1340323,Argentina,Argentina,Sándwich Barros Luco,sándwich chileno de carne y queso fundido,,"queso, carne de res",http://commons.wikimedia.org/wiki/Special:FilePath/S%C3%A1ndwich%20Barros%20Luco%20-%20Fuente%20Mardoqueo%20-%2001.jpg
http://www.wikidata.org/entity/Q2053178,Argentina,Argentina,Mantecol,,,,
http://www.wikidata.org/entity/Q38595678,Argentina,Argentina,Cabeza guateada,Preparación gastronómica típica del Noreste de Argentina,,,
http://www.wikidata.org/entity/Q5914438,Argentina,Argentina,Imperial ruso,postre argentino,,,
http://www.wikidata.org/entity/Q1819455,Argentina,Argentina,locro,plato de la gastronomía sudamericana,carne,,
http://www.wikidata.org/entity/Q5978632,Argentina,Argentina,lomito,tipo de sándwich,"pimienta negra, lomo, aceite, sal",,
http://www.wikidata.org/entity/Q9056706,Argentina,Argentina,Pastelitos criollos,,,,
http://www.wikidata.org/entity/Q5551505,Argentina,Argentina,Patay,,,,
http://www.wikidata.org/entity/Q16548795,Argentina,Argentina,sobredosis,Torta de chocolate argentina,"galleta de chocolate, queso crema, dulce de leche",,
http://www.wikidata.org/entity/Q5480841,Argentina,Argentina,Morcipán,,morcilla,,
http://www.wikidata.org/entity/Q59260812,Argentina,Argentina,picada,aperitivo de las cocinas de Argentina y Uruguay,,,
http://www.wikidata.org/entity/Q12821,Argentina,Argentina,milanesa,filete rebozado y frito o al horno,carne,,
http://www.wikidata.org/entity/Q5878377,Argentina,Argentina,cabrito,asado de cabrito ensartado por una barra de metal,,,
http://www.wikidata.org/entity/Q2713498,Argentina,Argentina,Choripán,"comida típica de Argentina, Chile, y Uruguay, adaptada en varios países de Sudamérica",chorizo,,
http://www.wikidata.org/entity/Q132172068,Argentina,Argentina,matambre arrollado,,,,
http://www.wikidata.org/entity/Q9089148,Argentina,Argentina,Torta frita,,,"agua, sal, grasa animal, harina de trigo",http://commons.wikimedia.org/wiki/Special:FilePath/TortaFrita.jpg
http://www.wikidata.org/entity/Q2904894,Argentina,Argentina,sándwich de miga,emparedado típico de Uruguay y Argentina,pan blanco,,
http://www.wikidata.org/entity/Q5486113,Argentina,Argentina,Tomaticán,guiso tradicional chileno,"maíz, tomate, cebolla, carne",,
http://www.wikidata.org/entity/Q6148036,Argentina,Argentina,Tofi,,,,
http://www.wikidata.org/entity/Q917761,Argentina,Argentina,dulce de leche,caramelo en forma de mermelada a base de leche,leche,leche,http://commons.wikimedia.org/wiki/Special:FilePath/DulceDeLeche.jpg
http://www.wikidata.org/entity/Q2665744,Argentina,Argentina,humita,"comida tradicional en Chile, Perú, Argentina, Bolivia, Ecuador y Colombia","maíz, cebolla, Ocimum basilicum, mantequilla",Fubá,http://commons.wikimedia.org/wiki/Special:FilePath/Humitas.jpg
http://www.wikidata.org/entity/Q3545686,Argentina,Argentina,mote,nombre genérico de los cereales y legumbres cocidos en agua,,maíz,http://commons.wikimedia.org/wiki/Special:FilePath/Mote%20hervido%2017052010.JPG
http://www.wikidata.org/entity/Q2633627,Argentina,Argentina,Puchero,plato tradicional iberoamericano,,,
http://www.wikidata.org/entity/Q3191108,Argentina,Argentina,Jesuita,postre o dulce de varios países,,,
http://www.wikidata.org/entity/Q109313490,Argentina,Argentina,Niños envueltos,,,,
http://www.wikidata.org/entity/Q6083488,Argentina,Argentina,Postre Balcarce,Dulce argentino,"coco, pasta de almendra, bizcocho, castaña, Nata montada, merengue, dulce de leche, nuez, azúcar glas",,
http://www.wikidata.org/entity/Q5636956,Argentina,Argentina,pantruca,sopa chilena con masas hechas a base de harina de trigo,harina,,
http://www.wikidata.org/entity/Q7158585,Argentina,Argentina,Pebete,,bollo,,
http://www.wikidata.org/entity/Q3228734,Colombia,Colombia,Lechona,,,,
http://www.wikidata.org/entity/Q642702,Colombia,Colombia,Arepa,alimento de origen precolombino presente en la gastronomía de Colombia y Venezuela,,harina de maíz,http://commons.wikimedia.org/wiki/Special:FilePath/Arepitas%20Food%20Macro.jpg
http://www.wikidata.org/entity/Q122808989,Colombia,Colombia,Arepa rellena,Arepa típica de Colombia,"harina de maíz, carne deshebrada, Quesos de Colombia, Chicharrón, guiso, jamón, sal, verdura",,
http://www.wikidata.org/entity/Q412754,Colombia,Colombia,ajiaco,Sopa típica de la Hispanoamérica intertropical,Solanum tuberosum,,
http://www.wikidata.org/entity/Q107306926,Colombia,Colombia,Chocolate Indígena,"nombre propio del chocolate original desde su fuente encontrado antes de 1644, marca comercial de los pueblos originarias",,,
http://www.wikidata.org/entity/Q7367597,Colombia,Colombia,roscón,,,,
http://www.wikidata.org/entity/Q3545686,Colombia,Colombia,mote,nombre genérico de los cereales y legumbres cocidos en agua,,maíz,http://commons.wikimedia.org/wiki/Special:FilePath/Mote%20hervido%2017052010.JPG
http://www.wikidata.org/entity/Q2633627,Colombia,Colombia,Puchero,plato tradicional iberoamericano,,,
http://www.wikidata.org/entity/Q2878791,Colombia,Colombia,changua,plato tradicional bogotano,"Semillas de cilantro, Calado, Papa, leche de vaca, huevo, agua",,
http://www.wikidata.org/entity/Q5796448,Colombia,Colombia,Mute,sopa tradicional colombiana,,,
http://www.wikidata.org/entity/Q5706291,Colombia,Colombia,Arroz atollado,comida típica colombiana,"papa, arroz",,
http://www.wikidata.org/entity/Q116778899,Colombia,Colombia,Chocolate de Cacao,chocolate producido de los granos de Theobroma cacao,,,
http://www.wikidata.org/entity/Q529941,Colombia,Colombia,bocadillo,tipo de dulce,"azúcar de caña, Psidium guajava",,
http://www.wikidata.org/entity/Q3006733,Colombia,Colombia,Cuchuco,,,,
http://www.wikidata.org/entity/Q2839137,Colombia,Colombia,almojábana,"pan, bollo, torta o fritura",,Fubá,http://commons.wikimedia.org/wiki/Special:FilePath/Galguer%C3%ADas%20II.jpg
http://www.wikidata.org/entity/Q120486465,Colombia,Colombia,Polvorosa,Galleta tradicional de Colombia y Venezuela,"maicena, harina de trigo, mantequilla, azúcar, leche de vaca",,
http://www.wikidata.org/entity/Q15941833,Colombia,Colombia,oblea,"Hoja delgada de pan ácimo, de origen medieval",,,
http://www.wikidata.org/entity/Q118189462,Colombia,Colombia,Cuca,"Galleta tradicional de Colombia, Costa Rica, Puerto Rico y Venezuela","panela, harina de trigo, Cinnamomum verum, huevo, Syzygium aromaticum, mantequilla",,
http://www.wikidata.org/entity/Q60825499,Colombia,Colombia,ajiaco,sopa típica de Colombia,,,
http://www.wikidata.org/entity/Q11697503,Colombia,Colombia,Pan de jamón,plato tradicional navideño venezolano,"verde oliva, jamón, pasa, pan",,
http://www.wikidata.org/entity/Q5869561,Colombia,Colombia,friche,,,,
http://www.wikidata.org/entity/Q5371706,Colombia,Colombia,ropa vieja,plato de origen mestizo-hispánico cuyo ingrediente principal es la carne de res,,,
http://www.wikidata.org/entity/Q117459468,Colombia,Colombia,Arepa de choclo,"Comida típica de Colombia, Costa Rica, Ecuador y México","panela, leche de vaca, mantequilla, sal, queso",,
http://www.wikidata.org/entity/Q7130544,Colombia,Colombia,Pandebono,panecillo originario de Colombia,maicena,,
http://www.wikidata.org/entity/Q3980014,Colombia,Colombia,tacacho con cecina,plato tradicional de la selva peruana,,,
http://www.wikidata.org/entity/Q119929812,Colombia,Colombia,Salpicón de frutas,bebida o refresco típico de Colombia y Ecuador,"Citrullus lanatus, cola, Cucumis melo, Carica papaya, zumo, Ananas comosus, plátano",,
http://www.wikidata.org/entity/Q133622195,Colombia,Colombia,Arepa de plátano maduro,Arepa típica de Colombia y Venezuela,plátano de cocinar,,
http://www.wikidata.org/entity/Q5703544,Colombia,Colombia,Arepa de huevo,Arepa típica de la Región Caribe de Colombia,"Fubá, aceite, huevo, sal","huevo, masa de maíz",http://commons.wikimedia.org/wiki/Special:FilePath/Arepa%20de%20huevo%20por%20dentro.jpg
http://www.wikidata.org/entity/Q6009527,Colombia,Colombia,melcocha,dulce español elaborado con la caña de azúcar y que pasó a las Américas con los conquistadores. Posiblemente su origen sea árabe,"panela, limón",,
http://www.wikidata.org/entity/Q5019110,Colombia,Colombia,Caldo de costilla,,carne de res,,
http://www.wikidata.org/entity/Q7198220,Venezuela,Venezuela,Pisca andina,Sopa venezolana,"perejil, Queso de año, caldo",,
http://www.wikidata.org/entity/Q116778899,Venezuela,Venezuela,Chocolate de Cacao,chocolate producido de los granos de Theobroma cacao,,,
http://www.wikidata.org/entity/Q5882405,Venezuela,Venezuela,Golfeado,Pan dulce venezolano,"panela, harina, queso",,
http://www.wikidata.org/entity/Q28134919,Venezuela,Venezuela,Cachito de jamón,Pan relleno de jamón de la gastronomía de Venezuela,,,
http://www.wikidata.org/entity/Q5484363,Venezuela,Venezuela,asado negro,comida típica de Venezuela,"carne de res, vino tinto",,
http://www.wikidata.org/entity/Q6748129,Venezuela,Venezuela,Mandoca,Plato típico de Venezuela,Fubá,"queso, Fubá",http://commons.wikimedia.org/wiki/Special:FilePath/Mandocas%20maracuchas.jpg
http://www.wikidata.org/entity/Q5814975,Venezuela,Venezuela,dulce de lechosa,,,,
http://www.wikidata.org/entity/Q120486465,Venezuela,Venezuela,Polvorosa,Galleta tradicional de Colombia y Venezuela,"leche de vaca, maicena, harina de trigo, mantequilla, azúcar",,
http://www.wikidata.org/entity/Q118189462,Venezuela,Venezuela,Cuca,"Galleta tradicional de Colombia, Costa Rica, Puerto Rico y Venezuela","panela, Cinnamomum verum, harina de trigo, huevo, mantequilla, Syzygium aromaticum",,
http://www.wikidata.org/entity/Q2834371,Venezuela,Venezuela,Tequeño,masa rellena con queso,"harina, sal, queso","queso, masa",http://commons.wikimedia.org/wiki/Special:FilePath/Teque%C3%B1os%20v%C3%A9n%C3%A9zu%C3%A9liens%20%C3%A0%20Arepado%20%28Lyon%29%2C%20avril%202019%20%282%29.jpg
http://www.wikidata.org/entity/Q1025010,Venezuela,Venezuela,Cachapa,platillo venezolano prehispánico de la etnia chaima,maíz,,
http://www.wikidata.org/entity/Q11697503,Venezuela,Venezuela,Pan de jamón,plato tradicional navideño venezolano,"verde oliva, jamón, pasa, pan",,
http://www.wikidata.org/entity/Q5371706,Venezuela,Venezuela,ropa vieja,plato de origen mestizo-hispánico cuyo ingrediente principal es la carne de res,,,
http://www.wikidata.org/entity/Q10357458,Venezuela,Venezuela,panela,dulce hecho con caña de azúcar,azúcar morena,azúcar moreno natural,http://commons.wikimedia.org/wiki/Special:FilePath/Panela.jpg
http://www.wikidata.org/entity/Q60126666,Venezuela,Venezuela,Ensalada de gallina,"La ensalada de gallina es una preparación navideña que junto con el pernil, la hallaca y el pan de jamón conforma el plato navideño de venezuela",,,
http://www.wikidata.org/entity/Q122960943,Venezuela,Venezuela,Panela de San Joaquín,Producto de repostería de Venezuela,,,
http://www.wikidata.org/entity/Q121544620,Venezuela,Venezuela,Pan de queso,pan venezolano,,,
http://www.wikidata.org/entity/Q9185291,Venezuela,Venezuela,casabe de yuca,pan de yuca,"raíz de mandioca, Manihot esculenta",,
http://www.wikidata.org/entity/Q5990243,Venezuela,Venezuela,Majarete,,,"maíz, leche de coco",http://commons.wikimedia.org/wiki/Special:FilePath/MAJARETE.jpg
http://www.wikidata.org/entity/Q642702,Venezuela,Venezuela,Arepa,alimento de origen precolombino presente en la gastronomía de Colombia y Venezuela,,harina de maíz,http://commons.wikimedia.org/wiki/Special:FilePath/Arepitas%20Food%20Macro.jpg
http://www.wikidata.org/entity/Q5878377,Venezuela,Venezuela,cabrito,asado de cabrito ensartado por una barra de metal,,,
http://www.wikidata.org/entity/Q124846713,Venezuela,Venezuela,Guiso de Hallaca,Plato tradicional de Venezuela,"hortaliza, carne",,
http://www.wikidata.org/entity/Q107306926,Venezuela,Venezuela,Chocolate Indígena,"nombre propio del chocolate original desde su fuente encontrado antes de 1644, marca comercial de los pueblos originarias",,,
http://www.wikidata.org/entity/Q3359952,Venezuela,Venezuela,pabellón criollo,plato tradicional de Venezuela,"tajada, frijoles negros, ropa vieja, arroz blanco",,
http://www.wikidata.org/entity/Q133622195,Venezuela,Venezuela,Arepa de plátano maduro,Arepa típica de Colombia y Venezuela,plátano de cocinar,,
http://www.wikidata.org/entity/Q3085085,Venezuela,Venezuela,hallaca,plato navideño tradicional de Venezuela elaborado con masa de maíz,"pimienta negra, semilla de comino, ajo, aceite vegetal, cebolla, huevo duro, tomate, morrón, alcaparra, laurel, pimentón, oliva, almendra, Bixa orellana, vinagre, chorizo, pasa, maíz, sal, carne, vino",Fubá,http://commons.wikimedia.org/wiki/Special:FilePath/Hallacas%20con%20pan%20de%20jamon%2C%20plato%20Venezuelano.jpg
http://www.wikidata.org/entity/Q3545686,Venezuela,Venezuela,mote,nombre genérico de los cereales y legumbres cocidos en agua,,maíz,http://commons.wikimedia.org/wiki/Special:FilePath/Mote%20hervido%2017052010.JPG
http://www.wikidata.org/entity/Q6037556,Venezuela,Venezuela,Naiboa,Plato de Venezuela,"panela, casabe de yuca",,
http://www.wikidata.org/entity/Q2890029,Perú,Perú,Charquicán,plato tradicional de la región de los Andes,charqui,,
http://www.wikidata.org/entity/Q87834609,Perú,Perú,shurumbo,plato peruano,,,
http://www.wikidata.org/entity/Q3895837,Perú,Perú,jalea,fritura de pescado y marisco típica de Perú,"salsa criolla, pescado, ají amarillo, producto del mar, Manihot esculenta",,
http://www.wikidata.org/entity/Q5032256,Perú,Perú,canelazo,,,,
http://www.wikidata.org/entity/Q2735024,Perú,Perú,anticucho,plato sudamericano cuyos ingredientes se ensartan en un palo,"Capsicum chinense, casquería, carne",carne,http://commons.wikimedia.org/wiki/Special:FilePath/Anticucho%20del%20Per%C3%BA.JPG
http://www.wikidata.org/entity/Q3675418,Perú,Perú,choritos a la chalaca,entrante típico de la cocina peruana,,,
http://www.wikidata.org/entity/Q19029,Perú,Perú,arroz con leche,postre hecho a base de arroz y leche,"leche de vaca, sal, azúcar, arroz","arroz, leche, azúcar, canela, vainilla",http://commons.wikimedia.org/wiki/Special:FilePath/Arroz%20con%20leche.png
http://www.wikidata.org/entity/Q5748955,Perú,Perú,carbonada,guiso,,,
http://www.wikidata.org/entity/Q5869227,Perú,Perú,frejol colado,dulce afroperuano,"panela, fríjol, azúcar, leche",,
http://www.wikidata.org/entity/Q108937158,Perú,Perú,causa ferreñafana,,,,
http://www.wikidata.org/entity/Q60499622,Perú,Perú,queso helado,postre helado peruano,"leche condensada, canela, leche",,
http://www.wikidata.org/entity/Q130101795,Perú,Perú,Pan de tres puntas,pan de trigo peruano,,,
http://www.wikidata.org/entity/Q5739896,Perú,Perú,caldo de bolas,sopa de la región costera de Ecuador,,,
http://www.wikidata.org/entity/Q56318198,Perú,Perú,pepián,guiso peruano de maíz,,,
http://www.wikidata.org/entity/Q532942,Perú,Perú,chorrillana,plato popular chileno,"tomate, carne de res, papas fritas, Allium cepa",,
http://www.wikidata.org/entity/Q3980014,Perú,Perú,tacacho con cecina,plato tradicional de la selva peruana,,,
http://www.wikidata.org/entity/Q3481297,Perú,Perú,shámbar,sopa típica peruana,trigo,,
http://www.wikidata.org/entity/Q6117020,Perú,Perú,sajta de pollo,Plato tradicional de Bolivia,"chuño, ají, pollo",,
http://www.wikidata.org/entity/Q6009527,Perú,Perú,melcocha,dulce español elaborado con la caña de azúcar y que pasó a las Américas con los conquistadores. Posiblemente su origen sea árabe,"panela, limón",,
http://www.wikidata.org/entity/Q1819455,Perú,Perú,locro,plato de la gastronomía sudamericana,carne,,
http://www.wikidata.org/entity/Q17083249,Perú,Perú,olluquito con charqui,guiso peruano,"charqui, Ullucus tuberosus",,
http://www.wikidata.org/entity/Q88079420,Perú,Perú,Camotillo,postre peruano,Ipomoea batatas,,
http://www.wikidata.org/entity/Q6074891,Perú,Perú,picante a la tacneña,,,,
http://www.wikidata.org/entity/Q9090624,Perú,Perú,turrón de Doña Pepa,dulce de la gastronomía peruana,,,
http://www.wikidata.org/entity/Q1146697,Perú,Perú,cuy chactao,,,,
http://www.wikidata.org/entity/Q132203185,Perú,Perú,chimbombo,sánguche con pescado,,,
http://www.wikidata.org/entity/Q702104,Perú,Perú,pimientos rellenos,plato de verdura rellena,"Capsicum, carne picada",,
http://www.wikidata.org/entity/Q5203061,Perú,Perú,mazamorra morada,postre típico peruano,maíz morado,,
http://www.wikidata.org/entity/Q1907985,Perú,Perú,sopa de cacahuete,,"Piper guineense, maní, cebolla, tomate, romero, laurel, jengibre",,
http://www.wikidata.org/entity/Q84955182,Perú,Perú,timpusca,sopa peruana,,,
http://www.wikidata.org/entity/Q7496557,Perú,Perú,shikashika,"helado hecho con hielo raspado, propio de Bolivia y Perú",hielo,,
http://www.wikidata.org/entity/Q3823549,Perú,Perú,suspiro de limeña,dulce peruano,manjar blanco (Hispanidad),,
http://www.wikidata.org/entity/Q109119426,Perú,Perú,locro peruano,,,,
http://www.wikidata.org/entity/Q21781581,Perú,Perú,pollada peruana,plato tradicional de Perú,,,
http://www.wikidata.org/entity/Q3948384,Perú,Perú,sangrecita,plato peruano hecho con sangre de pollo,sangre,,
http://www.wikidata.org/entity/Q89096394,Perú,Perú,cauche,plato peruano,,,
http://www.wikidata.org/entity/Q3815416,Perú,Perú,king kong de manjarblanco,dulce típico de la gastronomía del Perú,,,
http://www.wikidata.org/entity/Q61054366,Perú,Perú,arroz zambito,postre peruano,,,
http://www.wikidata.org/entity/Q5878377,Perú,Perú,cabrito,asado de cabrito ensartado por una barra de metal,,,
http://www.wikidata.org/entity/Q3129784,Perú,Perú,salchipapa,comida rápida de sur América,"salchicha, papas fritas",,
http://www.wikidata.org/entity/Q113141667,Perú,Perú,Caldo verde,sopa peruana,,,
http://www.wikidata.org/entity/Q2397393,Perú,Perú,picarón,dulces fritos,"panela, higo, harina de trigo, calabaza, Ipomoea batatas",,
http://www.wikidata.org/entity/Q81039705,Perú,Perú,mazamorra de cochino,postre peruano,,,
http://www.wikidata.org/entity/Q131048104,Perú,Perú,Sublime,chocolate,,,
http://www.wikidata.org/entity/Q27500854,Perú,Perú,Ceviche peruano,método de preparar ceviche en Perú,,,
http://www.wikidata.org/entity/Q1868851,Perú,Perú,lomo saltado,plato típico del Perú,"salsa de soya, ají amarillo, vinagre, carne",,
http://www.wikidata.org/entity/Q107306926,Perú,Perú,Chocolate Indígena,"nombre propio del chocolate original desde su fuente encontrado antes de 1644, marca comercial de los pueblos originarias",,,
http://www.wikidata.org/entity/Q62067066,Perú,Perú,tacacho,comida típica del Caribe y parte del Amazonas,,,
http://www.wikidata.org/entity/Q5759691,Perú,Perú,ceviche de chochos,ceviche vegetal de chochos consumido en Ecuador y Perú,"cebolla roja, Lupinus mutabilis",,
http://www.wikidata.org/entity/Q87741042,Perú,Perú,seco de chabelo,plato peruano,,,
http://www.wikidata.org/entity/Q6082412,Perú,Perú,ponderaciones,,,,
http://www.wikidata.org/entity/Q5977888,Perú,Perú,llunca de gallina,sopa típica de Perú,,,
http://www.wikidata.org/entity/Q5706324,Perú,Perú,arroz con pato,,"Semillas de cilantro, pato, arroz",,
http://www.wikidata.org/entity/Q42417761,Perú,Perú,aguadito de pollo,sopa de pollo peruana,"maíz, Semillas de cilantro, pollo",,
http://www.wikidata.org/entity/Q105590538,Perú,Perú,huevo chimbo,,,,
http://www.wikidata.org/entity/Q2943124,Perú,Perú,Causa a la limeña,plato peruano,,,
http://www.wikidata.org/entity/Q2967656,Perú,Perú,chupe,"Sopa de Ecuador, Chile y Perú",carne,,
http://www.wikidata.org/entity/Q917761,Perú,Perú,dulce de leche,caramelo en forma de mermelada a base de leche,leche,leche,http://commons.wikimedia.org/wiki/Special:FilePath/DulceDeLeche.jpg
http://www.wikidata.org/entity/Q3753984,Perú,Perú,tacu-tacu,"plato típico del Perú hecho a base de arroz cocido, menestras y sofrito",,,
http://www.wikidata.org/entity/Q3368446,Perú,Perú,pastel de papa,plato a base de carne picada y puré de papas,,"carne de res, cebolla, puré de papas",http://commons.wikimedia.org/wiki/Special:FilePath/Pastel%20de%20Papas.jpg
http://www.wikidata.org/entity/Q1057953,Perú,Perú,ceviche,"platillo a base de pescado crudo marinado, tomate, cebolla, ajíes y especias","mariscos, pimienta, pescado, jugo de limón, Coriandrum sativum, maíz",,
http://www.wikidata.org/entity/Q5202905,Perú,Perú,sopa wantán,,Wantán,,
http://www.wikidata.org/entity/Q28504005,Perú,Perú,Malarrabia,puré dulce típico del Perú,"ají amarillo, ajo, aderezo peruano, Epinephelus, arroz blanco, Bixa orellana, plátano macho, Allium cepa",,
http://www.wikidata.org/entity/Q67769796,Perú,Perú,natillas piuranas,dulce peruano,,,
http://www.wikidata.org/entity/Q2665744,Perú,Perú,humita,"comida tradicional en Chile, Perú, Argentina, Bolivia, Ecuador y Colombia","cebolla, maíz, mantequilla, Ocimum basilicum",Fubá,http://commons.wikimedia.org/wiki/Special:FilePath/Humitas.jpg
http://www.wikidata.org/entity/Q28501338,Perú,Perú,Bizcocho Chancay,"panecillo dulce típico de Chancay, Perú",,,
http://www.wikidata.org/entity/Q105647365,Perú,Perú,Muyuchi,postre peruano,,,
http://www.wikidata.org/entity/Q3545686,Perú,Perú,mote,nombre genérico de los cereales y legumbres cocidos en agua,,maíz,http://commons.wikimedia.org/wiki/Special:FilePath/Mote%20hervido%2017052010.JPG
http://www.wikidata.org/entity/Q64594571,Perú,Perú,bola de oro,postre peruano,,,
http://www.wikidata.org/entity/Q2395974,Perú,Perú,Ají de gallina,plato peruano,carne,"nuez, curcumina, ají amarillo, papa",http://commons.wikimedia.org/wiki/Special:FilePath/Aj%C3%AD%20de%20gallina.jpg
http://www.wikidata.org/entity/Q3907609,Perú,Perú,pollo a la brasa,pollo asado típico de la gastronomía peruana,carne de pollo,,
http://www.wikidata.org/entity/Q61037096,Perú,Perú,caldo de carachama,comida típica de las comunidades amazónicas del Ecuador y Perú,Pseudorinelepis genibarbis,,
http://www.wikidata.org/entity/Q89189433,Perú,Perú,escribano,plato peruano,,,
http://www.wikidata.org/entity/Q106115529,Perú,Perú,timpu,plato típico de la gastronomía andina,,,
http://www.wikidata.org/entity/Q5406515,Perú,Perú,patasca,tipo de sopa de la gastronomía sudamericana,mote,,
http://www.wikidata.org/entity/Q2937886,Perú,Perú,carapulca,plato típico peruano,,,
http://www.wikidata.org/entity/Q5768502,Perú,Perú,chumbeque,tipo de dulce chileno y peruano,"huevo, harina, miel",,
http://www.wikidata.org/entity/Q89402220,Perú,Perú,huevos a la rabona,sandwich peruano,"salsa criolla, Huevo frito, pan",,
http://www.wikidata.org/entity/Q89406934,Perú,Perú,inchicapi,sopa peruana,,,
http://www.wikidata.org/entity/Q65564214,Perú,Perú,patitas con maní,plato de casquería de Perú,"papa, Arachis hypogaea, manos de cerdo",,
http://www.wikidata.org/entity/Q3277835,Perú,Perú,pastel de choclo,masa de maíz horneada típica de diversas gastronomías sudamericanas,papa,"huevo, carne de res, cebolla, maíz",http://commons.wikimedia.org/wiki/Special:FilePath/Pastel%20de%20choclo.jpg
http://www.wikidata.org/entity/Q20024826,Perú,Perú,solterito,entrante o piqueo típico de la gastronomía arequipeña,"papa, Habas, Solanum lycopersicum, queso",,
http://www.wikidata.org/entity/Q66604754,Perú,Perú,menestrón,sopa italoperuana,,,
http://www.wikidata.org/entity/Q28517700,Perú,Perú,ajiaco,guiso peruano,,,
http://www.wikidata.org/entity/Q564722,Perú,Perú,charqui,carne seca andina,,,
http://www.wikidata.org/entity/Q5203376,Perú,Perú,teja,dulce peruano,"manjar blanco (Hispanidad), Carya illinoinensis",,
http://www.wikidata.org/entity/Q2778993,Perú,Perú,ocopa,"plato peruano a base de huacatay, ají y papas","queso fresco, Tagetes minuta, ají amarillo, leche evaporada",,
http://www.wikidata.org/entity/Q116778899,Perú,Perú,Chocolate de Cacao,chocolate producido de los granos de Theobroma cacao,,,
http://www.wikidata.org/entity/Q5766593,Perú,Perú,chinguirito,plato derivado del ceviche peruano,Rhinobatidae,,
http://www.wikidata.org/entity/Q7562813,Perú,Perú,sopa teóloga,,pan blanco,,
http://www.wikidata.org/entity/Q4796280,Perú,Perú,arroz chaufa,arroz frito sino-peruano,,"arroz, carne de pollo, huevo de gallina",http://commons.wikimedia.org/wiki/Special:FilePath/Arroz%20chaufa%20simple.JPG
http://www.wikidata.org/entity/Q64555345,Perú,Perú,parihuela,sopa de pescado y marisco de Perú,,,
http://www.wikidata.org/entity/Q66330986,Perú,Perú,guargüero,postre frito de Perú,,,
http://www.wikidata.org/entity/Q19716076,Perú,Perú,pan con chicharrón,bocadillo peruano,,,
http://www.wikidata.org/entity/Q66426184,Perú,Perú,arroz tapado,plato típico de la gastronomía peruana,,,
http://www.wikidata.org/entity/Q105659501,Perú,Perú,Pan chapla,tipo de pan en Perú,,,
http://www.wikidata.org/entity/Q3948086,Perú,Perú,sancochado,plato típico peruano,,,
http://www.wikidata.org/entity/Q66425668,Perú,Perú,sanguito,,,,
http://www.wikidata.org/entity/Q5736147,Perú,Perú,butifarra,sándwich peruano,"salsa criolla, jamón del país, marraqueta",,
http://www.wikidata.org/entity/Q938682,Perú,Perú,alfajor,postre dulce,"mermelada de leche, harina",,
http://www.wikidata.org/entity/Q92298243,Perú,Perú,caramanduca,bizcocho peruano,,,
http://www.wikidata.org/entity/Q5068113,Perú,Perú,chairo,"sopa de origen andino, tradicional en paises que abarcan la región andina",chuño,,
http://www.wikidata.org/entity/Q98210440,Perú,Perú,sopa a la minuta,,,,
http://www.wikidata.org/entity/Q5070230,Perú,Perú,champús,"bebida típica de Perú, Ecuador y Colombia",,,
http://www.wikidata.org/entity/Q1995435,Perú,Perú,tiradito,plato típico peruano,"jugo de lima, pescado",,
http://www.wikidata.org/entity/Q6150972,Perú,Perú,torta helada,postre,,,
http://www.wikidata.org/entity/Q5925980,Perú,Perú,jamón del país,,,,
http://www.wikidata.org/entity/Q6100269,Perú,Perú,ranfañote,budín de pan de Perú,"panela, nuez, Carya illinoinensis, pan",,
http://www.wikidata.org/entity/Q6169641,Perú,Perú,yacuchupe,sopa típica de la sierra central peruana,,,
http://www.wikidata.org/entity/Q432308,Perú,Perú,papa a la huancaína,platillo de origen peruano,,,
http://www.wikidata.org/entity/Q5706318,Perú,Perú,arroz con marisco,plato de arroz acompañado de varios tipos de marisco,,,
